id,web_name,full_name,team,team_short,pos,price,cost_change_event,cost_change_start,selected_by_percent,total_points,form,points_per_game,minutes,starts,goals_scored,assists,clean_sheets,saves,bonus,bps,defensive_contribution,expected_goals,expected_assists,expected_goals_conceded,ep_next,status,chance_next,news,news_added,transfers_in_event,transfers_out_event
124,Groß,Pascal Groß,Brighton,BHA,MID,5.9,0.2,0.4,29.7,47,15.5,9.4,450,5,3,4,3,0,9,166,26,1.77,0.86,8.67,15.5,a,,,,867495,15533
229,Tarkowski,James Tarkowski,Everton,EVE,DEF,6.2,0.1,0.2,16.8,43,11.0,8.6,450,5,1,1,3,0,7,138,51,0.18,0.04,6.94,11.0,a,,,,259576,26966
330,Bogle,Jayden Bogle,Leeds,LEE,DEF,4.6,0.0,0.1,7.4,42,10.0,8.4,365,5,2,0,4,0,6,122,16,1.38,0.08,2.89,10.0,a,,,,143419,30890
411,Haaland,Erling Haaland,Man City,MCI,FWD,15.6,0.0,0.1,73.9,39,7.5,7.8,450,5,5,0,2,0,9,167,20,4.42,0.53,7.25,7.5,a,,,,89303,26297
94,Schade,Kevin Schade,Brentford,BRE,MID,6.2,0.1,0.2,12.1,39,12.0,7.8,447,5,3,2,2,0,6,138,34,1.52,0.32,6.32,12.0,a,,,,445225,33868
115,De Cuyper,Maxim De Cuyper,Brighton,BHA,DEF,5.0,0.1,0.5,28.1,38,8.5,7.6,423,5,1,3,3,0,5,132,16,1.55,0.67,8.58,8.5,a,,,,335453,27113
391,Gvardiol,Joško Gvardiol,Man City,MCI,DEF,5.7,0.0,0.2,26.9,37,7.5,7.4,434,5,1,3,2,0,6,135,31,0.22,0.74,7.25,7.5,a,,,,164947,65849
399,Cherki,Rayan Cherki,Man City,MCI,MID,7.8,0.0,0.3,28.4,34,4.5,6.8,302,4,3,2,1,0,5,150,12,0.72,1.54,5.00,4.5,a,,,,142926,104259
572,Tzolakis,Konstantinos Tzolakis,Hull City,HUL,GKP,4.7,0.1,0.2,12.9,34,4.0,6.8,450,5,0,0,3,17,6,129,0,0.00,0.00,7.40,4.0,a,,,,137739,26854
379,Isak,Alexander Isak,Liverpool,LIV,FWD,9.1,0.0,0.1,22.1,33,5.0,6.6,413,5,4,0,3,0,8,133,7,3.54,0.08,5.82,3.8,d,75,Thigh injury - 75% chance of playing,2026-09-27T10:30:09.051435Z,121479,113565
165,João Pedro,João Pedro Junqueira de Jesus,Chelsea,CHE,FWD,7.7,-0.1,0.2,64.7,33,6.0,8.2,360,4,3,3,0,0,7,141,9,2.17,0.19,6.17,4.5,d,75,Knee injury - 75% chance of playing,2026-09-16T19:00:09.919929Z,76327,434041
397,Semenyo,Antoine Semenyo,Man City,MCI,MID,8.4,0.0,-0.1,15.1,33,10.0,6.6,450,5,2,3,2,0,2,147,22,0.33,1.16,7.25,7.5,d,75,Ankle injury - 75% chance of playing,2026-09-24T12:00:09.848000Z,129810,92032
367,Gakpo,Cody Gakpo,Liverpool,LIV,MID,7.2,0.0,0.2,12.1,32,2.0,6.4,370,4,1,3,2,0,5,113,32,0.64,1.71,5.51,1.5,d,75,Ankle injury - 75% chance of playing,2026-09-27T21:30:07.786183Z,52558,116553
12,Saka,Bukayo Saka,Arsenal,ARS,MID,9.6,0.1,0.1,14.2,32,5.0,6.4,416,5,3,0,3,0,4,137,31,3.22,0.98,3.58,5.0,a,,,,161861,53638
504,Vuskovic,Luka Vušković,Brighton,BHA,DEF,5.0,0.0,0.0,3.8,32,7.0,6.4,437,5,1,0,3,0,2,98,43,0.46,0.07,8.45,7.0,a,,,,67137,16402
426,B.Fernandes,Bruno Borges Fernandes,Man Utd,MUN,MID,11.9,-0.1,-0.1,38.4,31,2.0,6.2,450,5,3,1,0,0,3,148,29,2.56,1.32,6.80,2.0,a,,,,54337,215655
286,Belloumi,Mohamed Belloumi,Hull City,HUL,MID,5.1,0.0,0.1,5.3,31,8.5,6.2,394,5,2,2,3,0,2,111,44,0.72,0.43,6.44,8.5,a,,,,86966,29506
449,Hall,Lewis Hall,Newcastle,NEW,DEF,5.3,0.1,0.3,17.6,31,6.5,6.2,449,5,1,1,1,0,6,127,46,0.25,0.79,9.12,6.5,a,,,,278924,25810
68,Tavernier,Marcus Tavernier,Bournemouth,BOU,MID,6.1,0.0,0.1,6.8,31,5.0,6.2,424,5,3,0,0,0,8,153,42,1.70,0.92,6.54,5.0,a,,,,96454,53110
388,Guéhi,Marc Guéhi,Man City,MCI,DEF,6.0,0.0,0.0,18.1,30,5.0,6.0,450,5,1,1,2,0,4,114,29,0.95,0.39,7.25,5.0,a,,,,26388,58260
1,Raya,David Raya Martín,Arsenal,ARS,GKP,6.1,0.1,0.1,42.3,30,7.5,6.0,450,5,0,0,3,9,3,104,0,0.00,0.01,4.03,7.5,a,,,,144134,58766
69,Scott,Alex Scott,Bournemouth,BOU,MID,6.1,0.0,0.1,5.6,30,3.0,6.0,446,5,1,2,1,0,5,129,60,0.64,0.42,6.82,1.5,d,50,Thigh injury - 50% chance of playing,2026-10-05T09:30:09.910752Z,26383,55508
8,Calafiori,Riccardo Calafiori,Arsenal,ARS,DEF,5.9,0.1,0.4,50.5,29,3.5,5.8,416,5,0,2,3,0,2,76,18,0.67,0.62,3.76,3.5,a,,,,95794,70770
40,Rogers,Morgan Rogers,Chelsea,CHE,MID,7.8,0.1,0.3,40.8,29,5.0,5.8,437,5,3,1,0,0,2,135,31,1.72,1.23,8.73,5.0,a,,,,190518,78223
15,Ødegaard,Martin Ødegaard,Arsenal,ARS,MID,6.8,0.0,0.3,19.8,29,2.5,5.8,377,5,2,0,3,0,6,137,23,1.08,1.32,3.23,2.5,a,,,,93876,100378
453,Barnes,Harvey Barnes,Newcastle,NEW,MID,6.1,0.1,0.1,5.9,28,5.5,5.6,450,5,1,3,1,0,3,105,33,0.62,0.48,9.14,5.5,a,,,,184983,30241
480,Gibbs-White,Morgan Gibbs-White,Nott'm Forest,NFO,MID,8.0,0.0,0.0,15.7,28,5.0,5.6,450,5,1,2,1,0,6,116,21,1.56,1.42,4.77,5.0,a,100,,2026-08-24T15:30:08.350159Z,77484,97836
98,Janelt,Vitaly Janelt,Brentford,BRE,MID,5.0,0.0,0.0,2.5,28,3.5,5.6,450,5,2,0,2,0,3,109,64,0.53,0.44,6.32,3.5,a,,,,22178,20342
138,Kostoulas,Charalampos Kostoulas,Brighton,BHA,FWD,5.6,0.1,0.1,4.7,28,10.0,5.6,353,4,2,3,2,0,3,105,27,1.35,0.06,7.67,10.0,a,,,,357839,24372
154,Palmer,Cole Palmer,Chelsea,CHE,MID,9.7,0.0,0.2,25.3,28,3.5,5.6,442,5,2,2,0,0,3,148,29,1.31,0.79,8.73,2.6,d,75,Muscular injury - 75% chance of playing,2026-09-21T13:00:09.022726Z,54123,203806
385,Trafford,James Trafford,Leeds,LEE,GKP,5.0,0.0,0.0,5.5,28,6.5,5.6,450,5,0,0,2,20,5,117,0,0.00,0.00,6.46,6.5,a,,,,26542,17421
350,A.Becker,Alisson Becker,Liverpool,LIV,GKP,5.5,0.0,0.0,4.2,27,8.5,5.4,450,5,0,0,3,14,5,96,0,0.00,0.00,6.12,8.5,a,,,,15923,13407
279,Ajayi,Semi Ajayi,Hull City,HUL,DEF,4.2,0.0,0.2,13.9,27,1.0,5.4,423,5,1,0,3,0,2,79,27,0.66,0.01,6.43,1.0,a,100,,2026-08-22T17:30:07.668197Z,48803,65184
230,Branthwaite,Jarrad Branthwaite,Everton,EVE,DEF,5.5,0.0,0.0,2.5,27,7.0,5.4,450,5,0,0,3,0,0,97,54,0.17,0.02,6.94,7.0,a,,,,23464,8598
334,Muharemović,Tarik Muharemović,Leeds,LEE,DEF,5.0,0.0,0.0,4.3,27,6.5,5.4,450,5,0,1,2,0,0,101,58,0.49,0.05,6.46,6.5,a,,,,35276,28538
233,Mykolenko,Vitalii Mykolenko,Everton,EVE,DEF,4.6,0.1,0.1,4.1,27,8.0,5.4,450,5,0,0,3,0,3,109,39,0.04,0.16,6.94,6.0,d,75,Leg injury - 75% chance of playing,2026-10-01T19:30:09.402881Z,42027,31146
335,Stach,Anton Stach,Leeds,LEE,MID,6.0,0.0,0.0,2.5,27,4.0,5.4,447,5,1,0,3,0,3,86,61,0.97,0.31,6.17,4.0,a,,,,5598,21566
428,Cunha,Matheus Santos Carneiro da Cunha,Man Utd,MUN,MID,7.9,0.0,-0.1,5.8,26,6.0,5.2,407,5,1,2,1,0,4,95,13,0.63,0.83,5.44,6.0,a,,,,26759,24449
277,Egan,John Egan,Hull City,HUL,DEF,4.1,0.0,0.1,7.0,26,1.5,5.2,437,5,0,0,3,0,1,71,59,0.05,0.00,7.27,1.5,a,,,,31968,33244
316,Emersonn,Emersonn Correia da Silva,Ipswich Town,IPS,FWD,5.5,0.0,0.0,3.7,26,7.0,5.2,317,5,2,1,0,0,6,110,10,1.61,0.12,4.29,7.0,a,100,,2026-08-31T09:30:08.306145Z,42116,25537
332,Justin,James Justin,Leeds,LEE,DEF,4.5,0.0,0.0,1.4,26,5.0,5.2,450,5,0,0,2,0,4,91,44,0.22,0.42,6.46,5.0,a,,,,5455,6886
305,Davis,Leif Davis,Ipswich Town,IPS,DEF,4.0,0.0,0.0,7.0,25,8.0,5.0,450,5,2,2,0,0,1,52,24,1.59,0.46,8.98,8.0,a,,,,61240,32215
4,Gabriel,Gabriel dos Santos Magalhães,Arsenal,ARS,DEF,8.0,0.0,0.0,22.7,25,5.0,5.0,450,5,0,0,3,0,2,90,41,0.51,0.20,4.03,5.0,a,,,,30582,74854
427,Mbeumo,Bryan Mbeumo,Man Utd,MUN,MID,7.9,0.0,-0.1,20.5,25,2.0,5.0,450,5,2,1,0,0,3,110,26,3.07,0.80,6.80,2.0,a,,,,45921,145530
586,Mendy,Nobel Mendy,Hull City,HUL,DEF,4.1,0.0,0.1,6.2,25,0.5,6.2,249,4,1,0,2,0,1,69,39,0.32,0.00,4.02,0.5,a,100,,2026-09-12T18:00:09.334142Z,8262,35461
226,Pickford,Jordan Pickford,Everton,EVE,GKP,5.5,0.0,0.0,9.2,25,7.0,5.0,450,5,0,0,3,15,1,121,0,0.00,0.02,6.94,7.0,a,,,,32052,18399
356,Virgil,Virgil van Dijk,Liverpool,LIV,DEF,6.5,0.0,0.0,16.2,25,8.0,5.0,450,5,0,0,3,0,0,96,48,0.25,0.08,6.12,8.0,a,,,,26187,49019
552,Brobbey,Brian Brobbey,Sunderland,SUN,FWD,5.7,-0.1,-0.3,6.9,24,9.0,4.8,399,5,3,0,1,0,3,113,11,2.94,0.11,8.18,6.8,d,75,Hamstring injury - 75% chance of playing,2026-09-24T21:30:10.382142Z,199519,57315
282,Giles,Ryan Giles,Hull City,HUL,DEF,4.0,0.0,0.0,2.9,24,2.0,4.8,444,5,0,1,3,0,2,94,24,0.02,0.43,7.33,2.0,a,,,,23794,15562
127,Gomez,Diego Gómez Amarilla,Brighton,BHA,MID,5.0,0.0,0.0,3.9,24,5.5,4.8,433,5,0,3,3,0,0,80,36,0.79,0.78,8.49,5.5,a,,,,13719,43196
362,Jacquet,Jeremy Jacquet,Liverpool,LIV,DEF,5.0,0.0,0.0,3.5,24,7.5,4.8,415,5,0,0,3,0,3,112,36,0.00,0.14,5.51,5.6,d,75,Hamstring injury - 75% chance of playing,2026-10-06T00:30:10.323830Z,38869,17568
268,King,Josh King,Fulham,FUL,MID,5.6,0.1,0.1,2.9,24,2.5,4.8,425,5,2,0,2,0,3,109,28,1.54,0.46,8.29,2.5,a,,,,123970,22644
204,Mitchell,Tyrick Mitchell,Crystal Palace,CRY,DEF,4.5,0.0,0.0,6.1,24,4.0,4.8,419,5,2,0,1,0,3,68,25,0.77,0.26,8.34,4.0,a,,,,17605,18864
173,Thomas,Bobby Thomas,Coventry City,COV,DEF,4.0,0.0,0.0,8.5,24,4.5,4.8,437,5,0,0,2,0,3,78,52,0.49,0.30,8.09,4.5,a,,,,32772,36747
112,Van Hecke,Jan Paul van Hecke,Spurs,TOT,DEF,4.9,0.0,-0.1,6.4,24,7.0,4.8,450,5,1,0,2,0,2,85,43,0.69,0.42,7.78,5.2,d,75,Foot injury - 75% chance of playing,2026-09-30T16:00:09.552205Z,19917,41132
88,Kayode,Michael Kayode,Brentford,BRE,DEF,4.6,0.0,0.1,7.6,23,3.5,4.6,294,4,1,0,2,0,1,72,16,0.55,0.43,3.24,3.5,a,,,,16217,24182
472,Murillo,Murillo Costa dos Santos,Nott'm Forest,NFO,DEF,5.5,0.0,0.0,2.1,23,5.0,4.6,449,5,0,1,1,0,0,76,53,0.42,0.37,4.77,5.0,a,100,,2026-07-23T12:01:23.801183Z,9873,9280
109,Verbruggen,Bart Verbruggen,Brighton,BHA,GKP,4.5,0.0,0.0,21.6,23,7.0,4.6,450,5,0,0,3,12,0,107,0,0.00,0.20,8.67,7.0,a,,,,83866,83778
579,Araujo,Ronald Araujo,Liverpool,LIV,DEF,5.4,0.0,-0.1,3.1,22,6.5,4.4,284,3,0,0,3,0,1,81,24,0.00,0.06,2.75,6.5,a,,,,19514,11606
346,Calvert-Lewin,Dominic Calvert-Lewin,Leeds,LEE,FWD,6.0,0.0,0.0,24.7,22,6.0,4.4,419,5,2,1,3,0,4,73,22,3.00,0.08,4.85,6.0,a,,,,106824,190199
116,Dunk,Lewis Dunk,Brighton,BHA,DEF,4.5,0.0,0.0,1.5,22,6.0,5.5,360,4,1,0,2,0,1,79,23,0.03,0.09,7.04,4.5,d,75,Neck injury - 75% chance of playing,2026-09-22T09:30:09.629652Z,7800,11744
86,Lewis-Potter,Keane Lewis-Potter,Brentford,BRE,MID,5.5,0.0,0.0,1.7,22,2.0,4.4,406,5,1,1,2,0,3,85,38,1.21,0.79,5.69,2.0,a,,,,4136,13175
565,M.Sangaré,Mamadou Sangaré,Brentford,BRE,MID,5.6,-0.1,0.1,9.8,22,2.0,4.4,321,4,0,2,1,0,3,76,48,0.41,0.65,4.31,2.0,a,,,,9396,151238
432,Mainoo,Kobbie Mainoo,Man Utd,MUN,MID,5.5,0.0,0.0,1.5,22,4.0,4.4,354,4,0,1,0,0,2,102,56,0.30,0.52,4.77,3.0,d,75,Unspecified injury - 75% chance of playing,2026-09-21T13:00:09.169862Z,8135,17276
237,Ndiaye,Iliman Ndiaye,Man City,MCI,MID,5.8,-0.1,-0.2,6.6,22,3.0,4.4,385,4,0,2,2,0,1,110,44,0.38,0.58,9.42,3.0,a,,,,8043,75643
460,Willock,Joe Willock,Newcastle,NEW,MID,5.0,0.0,0.0,0.6,22,5.5,4.4,284,3,2,0,1,0,3,80,18,0.81,0.30,5.19,5.5,a,,,,10927,3249
87,Ajer,Kristoffer Ajer,Brentford,BRE,DEF,4.5,0.0,0.0,3.9,21,4.0,4.2,450,5,0,0,2,0,1,73,50,0.13,0.08,6.32,4.0,a,,,,13615,25633
338,Ampadu,Ethan Ampadu,Leeds,LEE,MID,5.4,0.0,-0.1,0.9,21,6.0,4.2,450,5,0,1,2,0,0,87,60,0.08,0.26,6.46,6.0,a,,,,1980,5684
41,Buendía,Emiliano Buendía Stati,Aston Villa,AVL,MID,5.9,0.0,-0.1,1.0,21,7.0,4.2,401,5,1,0,1,0,3,73,34,0.92,0.24,7.86,7.0,a,,,,14653,5109
214,Kamada,Daichi Kamada,Crystal Palace,CRY,MID,5.0,0.0,0.0,0.5,21,5.5,4.2,441,5,0,3,1,0,0,109,38,0.47,0.38,8.85,5.5,a,,,,3682,3430
649,Maitland-Niles,Ainsley Maitland-Niles,Everton,EVE,DEF,4.5,0.0,0.0,1.4,21,7.0,7.0,177,2,1,0,2,0,2,75,13,0.06,0.25,2.00,7.0,a,,,,21670,5642
93,Schuster,Jannik Schuster,Brentford,BRE,DEF,4.5,0.0,0.0,0.3,21,8.5,7.0,253,2,0,1,1,0,3,59,38,0.10,0.54,4.19,8.5,a,,,,18212,2989
10,White,Benjamin White,Arsenal,ARS,DEF,5.5,0.0,0.0,4.8,21,0.5,5.2,315,4,0,1,2,0,3,78,18,0.18,0.29,1.15,0.4,d,75,Groin injury - 75% chance of playing,2026-09-20T19:30:08.247780Z,3342,74794
544,Xhaka,Granit Xhaka,Sunderland,SUN,MID,5.5,0.0,0.0,3.6,21,1.5,4.2,450,5,0,1,1,0,5,116,54,0.06,1.32,8.66,1.5,a,,,,7000,25603
249,Barry,Thierno Barry,Everton,EVE,FWD,5.7,0.1,0.2,8.4,20,4.0,4.0,417,5,2,0,3,0,2,83,17,3.50,0.15,5.02,4.0,a,,,,96825,46462
258,Castagne,Timothy Castagne,Fulham,FUL,DEF,4.5,0.0,0.0,1.0,20,3.5,4.0,408,5,0,2,2,0,0,64,29,0.67,0.39,6.81,3.5,a,,,,17794,5763
176,Dasilva,Jay Dasilva,Coventry City,COV,DEF,4.0,0.0,0.0,0.7,20,7.5,4.0,444,5,1,0,1,0,3,54,23,0.50,0.52,8.63,7.5,a,,,,7916,2220
236,Dewsbury-Hall,Kiernan Dewsbury-Hall,Everton,EVE,MID,6.6,0.1,0.1,5.9,20,2.5,4.0,450,5,1,0,3,0,3,110,42,0.99,0.83,6.74,2.5,a,,,,36795,55858
82,Kelleher,Caoimhín Kelleher,Brentford,BRE,GKP,5.0,0.0,0.0,6.1,20,4.5,4.0,450,5,0,0,2,17,0,97,0,0.00,0.01,6.32,4.5,a,,,,22609,15937
13,Rice,Declan Rice,Arsenal,ARS,MID,7.4,0.0,-0.1,11.5,20,3.5,4.0,411,5,0,2,3,0,0,91,42,0.12,0.69,3.50,2.6,d,75,Unspecified injury - 75% chance of playing,2026-09-21T13:00:08.896379Z,7905,97184
368,Szoboszlai,Dominik Szoboszlai,Liverpool,LIV,MID,6.9,-0.1,-0.1,32.5,20,2.5,4.0,440,5,1,0,3,0,1,103,41,1.42,0.82,5.99,2.5,a,,,,41558,241960
605,Yalcouyé,Malick Yalcouyé,Brighton,BHA,MID,4.5,0.0,0.0,4.0,20,4.5,4.0,236,3,2,0,1,0,1,96,19,1.46,0.45,6.57,4.5,a,,,,28836,36527
114,Boscagli,Olivier Boscagli,Brighton,BHA,DEF,4.5,0.0,0.0,0.3,19,6.0,3.8,437,5,0,0,3,0,0,93,29,0.07,0.53,8.45,6.0,a,,,,2511,947
384,Donnarumma,Gianluigi Donnarumma,Man City,MCI,GKP,5.5,0.0,0.0,7.6,19,4.5,3.8,450,5,0,0,2,14,0,84,0,0.00,0.00,7.25,4.5,a,,,,11782,33919
242,George,Tyrique George,Everton,EVE,MID,5.5,0.0,0.0,0.9,19,2.0,3.8,309,4,1,0,2,0,3,77,18,0.35,0.32,3.71,2.0,a,,,,2782,12008
26,Havertz,Kai Havertz,Arsenal,ARS,FWD,7.6,0.0,0.1,8.1,19,1.5,3.8,437,5,2,0,3,0,2,82,13,1.67,0.37,3.91,1.1,d,75,Hamstring injury - 75% chance of playing,2026-09-24T22:00:09.120308Z,51240,82008
588,Khalaili,Anan Khalaili,Crystal Palace,CRY,DEF,5.0,0.0,0.0,0.3,19,6.5,3.8,379,4,1,0,1,0,0,54,44,0.96,0.33,8.41,4.9,d,75,Hamstring injury - 75% chance of playing,2026-10-04T22:00:08.963040Z,2246,1581
469,N.Williams,Neco Williams,Nott'm Forest,NFO,DEF,5.0,0.0,0.0,8.7,19,2.0,3.8,450,5,0,1,1,0,1,85,29,0.41,0.61,4.77,2.0,a,,,,12919,52852
542,E.Le Fée,Enzo Le Fée,Sunderland,SUN,MID,5.7,-0.1,-0.3,3.3,18,2.5,3.6,438,5,1,1,1,0,1,90,21,2.06,1.34,8.46,2.5,a,,,,13121,27450
454,Elanga,Anthony Elanga,Newcastle,NEW,MID,6.1,-0.1,0.1,4.4,18,0.0,6.0,232,3,2,0,1,0,2,71,9,0.42,0.34,4.01,0.0,i,0,Unspecified injury - Unknown return date,2026-09-14T20:00:09.505598Z,358,179086
79,Evanilson,Francisco Evanilson de Lima Barbosa,Bournemouth,BOU,FWD,6.0,0.0,0.0,3.2,18,3.5,3.6,424,5,0,3,2,0,0,66,27,0.87,0.52,6.45,3.5,a,,,,21761,23443
496,Kinsky,Antonín Kinský,Spurs,TOT,GKP,4.5,0.0,0.0,17.1,18,4.5,3.6,450,5,0,0,2,12,0,77,0,0.00,0.00,7.78,4.5,a,,,,21933,125028
250,Leno,Bernd Leno,Fulham,FUL,GKP,4.5,0.0,0.0,3.4,18,6.0,3.6,450,5,0,0,1,16,2,77,0,0.00,0.00,9.11,6.0,a,,,,48852,14351
336,Okafor,Noah Okafor,Leeds,LEE,MID,5.8,0.0,-0.2,0.4,18,6.0,3.6,299,4,1,0,3,0,1,82,18,0.17,0.27,2.37,6.0,a,,,,2126,3877
366,Wirtz,Florian Wirtz,Liverpool,LIV,MID,7.3,0.0,-0.2,5.7,18,4.5,3.6,402,5,0,2,3,0,0,92,36,1.00,0.40,4.82,4.5,a,,,,5418,46466
45,McGinn,John McGinn,Aston Villa,AVL,MID,5.4,0.0,-0.1,2.2,17,6.0,3.4,434,5,0,2,2,0,1,65,30,0.77,0.24,8.29,6.0,a,,,,8140,9982
502,Robertson,Andrew Robertson,Spurs,TOT,DEF,4.4,0.0,-0.1,2.5,17,5.5,3.4,366,4,0,1,1,0,1,68,20,0.13,0.43,7.05,5.5,a,,,,6802,14918
390,Rúben,Rúben dos Santos Gato Alves Dias,Man City,MCI,DEF,5.5,0.0,0.0,1.9,17,3.5,3.4,450,5,0,0,2,0,0,72,26,0.29,0.74,7.25,3.5,a,,,,5227,9959
244,Armstrong,Harrison Armstrong,Everton,EVE,MID,5.0,0.0,0.0,0.4,16,2.5,3.2,446,5,0,1,3,0,0,61,40,0.21,0.49,6.94,2.5,a,100,,2026-09-17T08:30:08.942299Z,972,3589
96,Damsgaard,Mikkel Damsgaard,Brentford,BRE,MID,5.4,0.0,-0.1,0.4,16,2.0,3.2,283,3,0,1,2,0,3,74,31,0.17,0.73,3.06,1.5,d,75,Unspecified injury - 75% chance of playing,2026-10-03T19:30:08.141728Z,1820,2682
123,Hinshelwood,Jack Hinshelwood,Brighton,BHA,MID,5.9,0.0,-0.1,0.6,16,0.0,16.0,63,1,2,0,1,0,3,54,3,1.41,0.02,0.19,0.0,i,0,Ankle injury - Expected back 10 Oct,2026-08-27T19:30:07.780933Z,322,7423
551,N.Angulo,Nilson Angulo,Sunderland,SUN,MID,5.0,0.0,0.0,0.1,16,3.0,3.2,313,5,1,1,1,0,0,67,24,0.60,0.13,4.56,3.0,a,,,,581,859
110,Rushworth,Carl Rushworth,Coventry City,COV,GKP,4.5,0.0,0.0,0.8,16,5.5,3.2,450,5,0,1,1,9,2,56,0,0.00,0.02,8.63,5.5,a,,,,2935,6488
597,Suzuki,Zion Suzuki,Aston Villa,AVL,GKP,5.0,0.0,0.0,1.9,16,2.0,4.0,360,4,0,0,1,15,3,80,0,0.00,0.01,5.45,2.0,a,,,,15253,7570
557,Tzolis,Christos Tzolis,Arsenal,ARS,MID,6.3,-0.1,-0.2,11.8,16,2.5,3.2,362,5,0,2,2,0,1,81,23,0.19,0.55,2.73,1.9,d,75,Hamstring injury - 75% chance of playing,2026-10-02T15:00:11.091226Z,12577,173865
503,Van de Ven,Micky van de Ven,Spurs,TOT,DEF,5.0,0.0,0.0,3.8,16,3.5,4.0,360,4,0,0,2,0,3,69,29,0.59,0.05,3.91,3.5,a,100,,2026-08-21T15:00:07.610517Z,7115,22093
481,Anderson,Elliot Anderson,Man City,MCI,MID,6.3,0.0,-0.2,4.0,15,3.5,3.0,413,5,0,0,2,0,0,95,54,0.11,0.67,7.15,3.5,a,100,,2026-08-23T17:00:07.952697Z,8948,30771
105,Anthony,Jaidon Anthony,Brentford,BRE,MID,5.9,0.0,-0.1,0.2,15,5.5,3.0,267,3,1,0,2,0,2,59,26,1.15,0.54,3.50,5.5,a,,,,2713,718
129,Ayari,Yasin Ayari,Brighton,BHA,MID,5.4,0.0,-0.1,0.4,15,5.5,3.8,333,4,1,0,3,0,0,71,21,0.70,0.18,5.64,5.5,a,100,,2026-08-30T18:00:07.935334Z,2708,2273
257,Bassey,Calvin Bassey,Fulham,FUL,DEF,4.5,0.0,0.0,0.7,15,6.0,3.0,450,5,0,1,1,0,1,69,29,0.13,0.08,9.11,6.0,a,,,,7921,2300
516,Bentancur,Rodrigo Bentancur,Spurs,TOT,MID,5.5,0.0,0.0,0.2,15,3.5,3.0,370,4,0,0,2,0,0,69,60,0.02,0.12,5.59,3.5,a,,,,462,874
447,Botman,Sven Botman,Newcastle,NEW,DEF,5.0,0.0,0.0,0.7,15,3.0,3.0,450,5,0,0,1,0,0,43,59,0.06,0.17,9.14,3.0,a,,,,5606,3506
591,Enciso,Julio Enciso,Ipswich Town,IPS,MID,5.5,0.0,0.0,0.8,15,2.0,3.0,413,5,0,2,0,0,0,83,31,1.26,0.89,8.47,2.0,a,100,,2026-08-22T18:00:07.551930Z,2870,6793
553,Isidor,Wilson Isidor,Sunderland,SUN,FWD,5.5,0.0,0.0,1.3,15,1.0,3.0,117,0,1,1,0,0,3,51,5,1.49,0.01,3.78,1.0,a,,,,4099,12567
47,Kamara,Boubacar Kamara,Aston Villa,AVL,MID,5.0,0.0,0.0,0.3,15,4.0,3.0,443,5,0,1,2,0,0,85,36,0.12,0.16,8.44,4.0,a,100,,2026-07-23T12:01:23.337269Z,1462,1760
70,Kluivert,Justin Kluivert,Bournemouth,BOU,MID,6.0,0.0,0.0,0.8,15,4.0,3.8,294,4,1,0,2,0,1,64,22,0.99,0.08,4.48,0.0,i,0,Unspecified injury - Unknown return date,2026-09-20T15:30:09.074071Z,2317,20576
377,Munoz,Victor Munoz,Liverpool,LIV,MID,6.5,0.0,0.0,0.9,15,1.0,3.0,257,3,1,1,1,0,0,60,16,0.52,0.31,4.63,1.0,a,,,,1726,12438
483,Ndoye,Dan Ndoye,Nott'm Forest,NFO,MID,5.5,0.0,0.0,0.7,15,1.0,3.0,316,5,1,0,1,0,2,44,20,1.25,0.93,3.84,1.0,a,,,,884,8889
290,Slater,Regan Slater,Hull City,HUL,MID,4.5,0.0,0.0,5.2,15,2.0,3.0,437,5,0,1,3,0,0,67,33,0.21,0.59,7.27,2.0,a,,,,17710,42623
464,Wissa,Yoane Wissa,Newcastle,NEW,FWD,6.2,0.0,0.2,18.7,15,1.0,3.0,441,5,1,1,1,0,2,54,27,2.35,0.06,7.97,1.0,a,,,,103870,154166
532,Ballard,Daniel Ballard,Sunderland,SUN,DEF,4.9,0.0,-0.1,2.5,14,1.0,2.8,450,5,0,0,1,0,0,31,49,0.31,0.16,8.66,0.8,d,75,Hamstring injury - 75% chance of playing,2026-09-25T21:30:10.370384Z,3680,20980
280,Coyle,Lewie Coyle,Hull City,HUL,DEF,4.0,0.0,0.0,0.7,14,1.0,2.8,348,5,0,0,2,0,0,49,11,0.13,0.07,6.22,1.0,a,100,,2026-08-29T16:30:08.151841Z,2285,2326
569,Gonzalo,Gonzalo García,Fulham,FUL,FWD,6.0,0.0,0.0,4.2,14,2.0,2.8,425,5,1,0,2,0,0,53,18,2.33,0.58,8.29,2.0,a,,,,91708,37497
331,Gudmundsson,Gabriel Gudmundsson,Leeds,LEE,DEF,4.5,0.0,0.0,0.1,14,6.0,4.7,252,3,0,0,2,0,0,62,14,0.00,0.21,3.83,6.0,a,100,,2026-08-08T20:00:07.546568Z,719,406
567,Horníček,Lukás Hornícek,Newcastle,NEW,GKP,5.0,0.0,0.0,1.5,14,2.0,2.8,450,5,0,0,1,19,0,72,0,0.00,0.00,9.14,2.0,a,,,,8110,5879
261,Iwobi,Alex Iwobi,Fulham,FUL,MID,5.4,0.0,-0.1,0.7,14,4.0,2.8,408,5,0,0,2,0,2,94,29,0.39,1.22,8.16,4.0,a,,,,4450,3738
53,Manzambi,Johan Manzambi,Aston Villa,AVL,MID,5.9,0.0,-0.1,0.4,14,7.0,7.0,98,1,1,1,1,0,2,48,9,0.44,0.24,1.54,7.0,a,100,,2026-08-15T15:30:06.388335Z,31483,4180
541,Meunier,Thomas Meunier,Sunderland,SUN,DEF,4.5,0.0,0.0,0.3,14,2.5,2.8,396,5,0,1,1,0,0,42,20,0.34,0.58,5.94,2.5,a,100,,2026-08-16T08:30:07.830062Z,1894,1037
156,Neto,Pedro Lomba Neto,Chelsea,CHE,MID,6.5,0.0,0.0,1.4,14,2.0,2.8,332,4,1,0,0,0,0,81,28,0.68,0.58,6.64,2.0,a,,,,6328,10472
91,Pinnock,Ethan Pinnock,Coventry City,COV,DEF,4.5,0.0,0.0,0.1,14,5.0,3.5,282,3,0,0,1,0,0,15,44,0.12,0.00,6.57,5.0,a,,,,475,272
202,Richards,Chris Richards,Crystal Palace,CRY,DEF,4.9,-0.1,-0.1,0.6,14,5.0,2.8,450,5,0,0,1,0,0,48,54,0.08,0.07,9.46,5.0,a,,,,1891,2445
467,Sels,Matz Sels,Nott'm Forest,NFO,GKP,5.0,0.0,0.0,1.6,14,2.5,2.8,450,5,0,0,1,11,0,67,0,0.00,0.01,4.77,2.5,a,,,,2343,6968
222,Strand Larsen,Jørgen Strand Larsen,Crystal Palace,CRY,FWD,6.0,0.0,0.0,0.7,14,5.0,2.8,298,3,1,0,1,0,2,69,13,0.43,0.20,6.15,5.0,a,,,,6103,4452
345,Tanaka,Tanaka Ao,Leeds,LEE,MID,4.9,0.0,-0.1,0.3,14,4.0,3.5,255,3,0,2,2,0,0,48,29,0.73,0.05,3.24,4.0,a,,,,2511,2558
445,Thiaw,Malick Thiaw,Newcastle,NEW,DEF,5.0,0.0,0.0,2.2,14,3.0,2.8,450,5,0,0,1,0,0,32,45,0.00,0.08,9.14,3.0,a,,,,10489,11581
43,Tielemans,Youri Tielemans,Man Utd,MUN,MID,5.8,0.0,-0.2,1.5,14,3.0,2.8,402,5,0,0,0,0,0,93,43,0.65,0.52,6.16,3.0,a,100,,2026-07-23T12:01:23.321726Z,3524,11587
455,Tonali,Sandro Tonali,Spurs,TOT,MID,5.3,-0.1,-0.2,1.8,14,2.5,2.8,427,5,0,0,2,0,0,86,42,0.24,0.61,7.72,2.5,a,100,,2026-09-14T14:30:07.387706Z,2628,16563
211,Yeremy,Yéremy Pino Santos,Crystal Palace,CRY,MID,5.5,0.0,0.0,0.3,14,1.5,2.8,307,4,0,2,1,0,0,70,26,0.52,0.55,6.93,1.5,a,,,,764,3004
264,Bobb,Oscar Bobb,Fulham,FUL,MID,5.5,0.0,0.0,0.3,13,3.0,2.6,343,5,0,0,3,0,0,53,28,0.54,1.14,6.19,3.0,a,,,,3001,2043
580,Charles,Shea Charles,Fulham,FUL,MID,5.0,0.0,0.0,0.1,13,4.5,2.6,303,3,0,0,1,0,0,60,46,0.09,0.16,6.65,4.5,a,,,,908,528
593,Dedić,Amar Dedic,Newcastle,NEW,DEF,4.5,0.0,0.0,1.8,13,0.0,3.2,327,4,0,1,1,0,2,36,24,0.14,0.08,7.38,0.0,i,0,Unspecified injury - Unknown return date,2026-09-17T14:30:09.823731Z,289,41702
598,Elvedi,Nico Elvedi,Leeds,LEE,DEF,4.5,0.0,0.0,0.1,13,4.0,3.2,326,3,0,0,1,0,0,56,29,0.12,0.58,5.45,4.0,a,,,,287,276
155,Enzo,Enzo Fernández,Man City,MCI,MID,6.9,0.0,-0.1,3.7,13,4.5,3.2,271,3,1,0,2,0,0,73,21,0.35,0.53,5.35,4.5,a,,,,34472,16947
113,F.Kadıoğlu,Ferdi Kadıoğlu,Brighton,BHA,DEF,4.4,0.0,-0.1,1.6,13,5.5,3.2,332,4,0,0,2,0,0,46,10,0.12,0.13,7.55,5.5,a,100,,2026-08-23T13:00:07.595211Z,4719,7982
358,Kerkez,Milos Kerkez,Liverpool,LIV,DEF,5.3,-0.1,-0.2,2.2,13,3.5,2.6,385,4,0,0,2,0,0,63,30,0.07,0.08,5.65,3.5,a,,,,2911,11755
200,Lacroix,Maxence Lacroix,Chelsea,CHE,DEF,5.9,-0.1,-0.1,6.8,13,2.0,2.6,364,4,0,1,0,0,0,28,47,0.15,0.22,7.93,2.0,a,,,,9621,32220
295,McBurnie,Oli McBurnie,Hull City,HUL,FWD,5.5,0.0,0.0,1.9,13,2.5,2.6,441,5,0,2,3,0,0,52,21,1.23,0.13,7.21,2.5,a,,,,9399,19853
533,Mukiele,Nordi Mukiele,Sunderland,SUN,DEF,5.4,0.0,-0.1,1.9,13,0.0,3.2,360,4,0,0,1,0,1,44,48,0.75,0.28,6.86,0.0,a,100,,2026-08-09T08:30:05.954750Z,5776,9847
183,Rudoni,Jack Rudoni,Coventry City,COV,MID,4.9,0.0,-0.1,0.1,13,3.5,2.6,297,4,0,0,2,0,0,51,34,0.92,1.11,4.49,3.5,a,100,,2026-07-23T12:01:23.481435Z,1047,805
558,Schlager,Xaver Schlager,Nott'm Forest,NFO,MID,5.0,0.0,0.0,0.1,13,2.5,2.6,376,4,0,0,1,0,0,70,49,0.19,0.18,4.43,2.5,a,,,,243,872
566,Silva,António João Pereira de Albuquerque Tavares da Silva,Bournemouth,BOU,DEF,5.0,0.0,0.0,0.4,13,3.0,2.6,450,5,0,0,0,0,0,30,56,0.85,0.29,6.95,3.0,a,,,,10406,5040
73,Adams,Tyler Adams,Bournemouth,BOU,MID,5.0,0.0,0.0,0.3,12,3.0,2.4,279,3,0,0,0,0,0,52,41,0.03,0.07,2.74,3.0,a,100,,2026-08-15T16:30:07.029928Z,1249,1809
650,Affengruber,David Affengruber,Fulham,FUL,DEF,4.5,0.0,0.0,0.1,12,6.0,6.0,180,2,0,0,1,0,0,40,23,0.00,0.02,2.88,6.0,a,,,,10390,2398
639,Andrés,José María Andrés Baixauli,Brighton,BHA,MID,5.5,0.0,0.0,0.0,12,6.0,6.0,109,1,1,1,1,0,0,37,13,0.52,0.12,1.70,6.0,a,,,,3077,365
327,Bijol,Jaka Bijol,Leeds,LEE,DEF,5.0,0.0,0.0,0.7,12,0.0,4.0,164,2,0,0,1,0,2,29,21,0.11,0.00,3.16,0.0,a,,,,890,6002
259,Diop,Issa Diop,Ipswich Town,IPS,DEF,4.0,0.0,0.0,12.6,12,2.5,2.4,450,5,0,0,0,0,0,45,45,0.06,0.16,8.98,2.5,a,,,,8210,62622
60,Hill,James Hill,Bournemouth,BOU,DEF,5.5,0.0,0.0,0.8,12,3.0,2.4,450,5,0,0,0,0,0,43,50,0.00,0.79,6.95,3.0,a,,,,3742,3519
491,Igor Jesus,Igor Jesus Maciel da Cruz,Nott'm Forest,NFO,FWD,5.8,0.0,-0.2,2.6,12,4.0,2.4,257,2,1,0,0,0,2,53,15,1.25,0.08,2.61,4.0,a,,,,8660,25581
31,Konsa,Ezri Konsa Ngoyo,Arsenal,ARS,DEF,4.6,0.1,0.1,19.2,12,3.5,3.0,281,3,0,0,1,0,0,36,23,0.23,0.02,3.50,2.6,d,75,Unspecified injury - 75% chance of playing,2026-10-05T09:30:09.853316Z,99758,74865
459,L.Miley,Lewis Miley,Newcastle,NEW,MID,5.5,0.0,0.0,0.1,12,2.0,2.4,396,5,0,0,1,0,0,68,52,0.05,0.14,7.95,1.5,d,75,Unspecified injury - 75% chance of playing,2026-10-01T15:30:10.335504Z,498,624
486,McAtee,James McAtee,Nott'm Forest,NFO,MID,5.5,0.0,0.0,0.1,12,2.5,2.4,416,5,0,0,2,0,0,91,39,0.37,0.96,4.55,2.5,a,,,,394,994
471,Milenković,Nikola Milenković,Nott'm Forest,NFO,DEF,5.4,-0.1,-0.1,1.0,12,0.0,4.0,270,3,0,0,1,0,0,34,31,0.11,0.03,3.28,0.0,i,0,Hamstring injury - Expected back 11 Oct,2026-09-12T14:00:09.705107Z,77,13429
11,Mosquera,Cristhian Mosquera,Arsenal,ARS,DEF,5.3,0.0,-0.2,1.6,12,0.0,6.0,168,2,0,0,2,0,0,52,10,0.00,0.01,0.53,0.0,a,100,,2026-09-04T14:00:08.080310Z,1554,10535
570,Palacios,César Palacios,Fulham,FUL,MID,5.4,0.0,-0.1,0.2,12,0.5,3.0,226,3,1,0,0,0,1,48,17,0.98,0.03,5.46,0.5,a,,,,772,1040
254,Robinson,Antonee Robinson,Fulham,FUL,DEF,4.5,0.0,0.0,1.5,12,4.0,2.4,429,5,0,0,1,0,0,65,31,0.26,0.30,9.08,4.0,a,,,,20243,8132
210,Wharton,Adam Wharton,Crystal Palace,CRY,MID,5.4,-0.1,-0.1,0.7,12,2.0,2.4,436,5,0,0,1,0,0,77,41,0.15,0.58,8.91,2.0,a,100,,2026-07-23T12:01:23.498963Z,1292,4917
265,Berge,Sander Berge,Fulham,FUL,MID,4.9,0.0,-0.1,0.3,11,3.0,2.2,349,4,0,0,2,0,0,67,19,0.08,0.36,7.36,3.0,a,,,,741,1451
313,Clarke,Jack Clarke,Ipswich Town,IPS,MID,5.4,0.0,-0.1,0.2,11,1.5,2.8,170,2,1,0,0,0,1,48,10,0.30,0.37,1.97,1.5,a,,,,203,1040
239,Garner,James Garner,Everton,EVE,MID,6.0,0.0,0.0,0.2,11,3.5,2.2,328,4,0,0,2,0,0,71,45,0.20,0.17,3.45,3.5,a,100,,2026-09-06T18:00:08.301702Z,2115,2311
184,Grimes,Matt Grimes,Coventry City,COV,MID,4.9,0.0,-0.1,0.1,11,2.5,2.2,443,5,0,0,1,0,0,62,38,0.12,0.13,8.42,2.5,a,,,,205,975
474,Jair Cunha,Jair Paula da Cunha Filho,Nott'm Forest,NFO,DEF,4.5,0.0,0.0,0.2,11,0.5,2.8,360,4,0,0,1,0,0,40,36,0.05,0.02,3.95,0.5,a,100,,2026-09-12T14:00:09.724349Z,304,712
412,Lammens,Senne Lammens,Man Utd,MUN,GKP,4.9,0.0,-0.1,9.8,11,3.0,2.2,450,5,0,0,0,16,0,58,0,0.00,0.00,6.80,3.0,a,,,,7821,54561
161,Lavia,Roméo Lavia,Chelsea,CHE,MID,5.0,0.0,0.0,0.2,11,1.0,2.8,258,4,1,0,0,0,0,61,31,0.75,0.11,5.06,1.0,a,,,,521,2656
267,Lukić,Saša Lukić,Ipswich Town,IPS,MID,4.9,-0.1,-0.1,0.1,11,1.5,2.2,400,5,0,1,0,0,0,68,37,0.02,0.41,7.37,1.5,a,,,,243,582
372,Mac Allister,Alexis Mac Allister,Liverpool,LIV,MID,5.4,0.0,-0.1,1.3,11,3.0,2.2,306,3,0,0,2,0,0,59,41,0.10,0.49,4.85,3.0,a,,,,4222,7539
389,Matheus N.,Matheus Nunes,Man City,MCI,DEF,5.9,0.0,-0.1,1.0,11,5.0,3.7,213,2,0,0,1,0,1,38,21,0.00,0.06,4.67,5.0,a,100,,2026-08-27T11:30:08.171622Z,1887,3284
619,Palacios,Exequiel Palacios,Ipswich Town,IPS,MID,5.0,0.0,0.0,0.1,11,3.0,2.8,275,3,0,0,0,0,0,64,44,0.00,0.09,5.30,3.0,a,,,,584,923
529,Roefs,Robin Roefs,Sunderland,SUN,GKP,4.9,0.0,-0.1,2.4,11,1.0,2.2,450,5,0,0,1,6,0,41,0,0.00,0.01,8.66,1.0,a,,,,2286,13138
46,Barkley,Ross Barkley,Aston Villa,AVL,MID,5.0,0.0,0.0,0.3,10,1.5,2.0,308,4,0,0,1,0,0,66,28,0.38,0.14,7.36,1.5,a,,,,628,1961
203,Canvot,Jaydee Canvot,Crystal Palace,CRY,DEF,4.8,-0.1,-0.2,0.2,10,4.0,2.5,360,4,0,0,1,0,0,38,34,0.05,0.13,7.78,4.0,a,,,,515,974
84,Collins,Nathan Collins,Brentford,BRE,DEF,5.4,0.0,-0.1,0.9,10,0.0,3.3,196,3,0,0,1,0,0,39,17,0.51,0.05,2.13,0.0,i,0,Calf injury - Unknown return date,2026-09-05T18:00:06.182495Z,130,10483
415,Dorgu,Patrick Dorgu,Man Utd,MUN,MID,5.8,0.0,-0.2,0.5,10,4.0,2.0,171,2,0,1,0,0,0,27,20,0.78,0.09,3.38,3.0,d,75,Hamstring injury - 75% chance of playing,2026-09-27T21:30:07.831640Z,1038,4933
247,Hackney,Hayden Hackney,Everton,EVE,MID,5.4,-0.1,-0.1,0.2,10,1.0,2.0,137,1,0,1,1,0,0,39,12,0.05,0.13,3.91,1.0,a,100,,2026-08-26T22:00:07.797766Z,217,1202
534,Hume,Trai Hume,Sunderland,SUN,DEF,4.3,-0.1,-0.2,2.8,10,0.5,2.5,206,2,0,0,1,0,0,44,13,0.14,0.29,4.57,0.5,a,,,,1359,33147
418,Maguire,Harry Maguire,Man Utd,MUN,DEF,4.8,-0.1,-0.2,8.6,10,1.5,2.0,450,5,0,1,0,0,0,50,31,0.20,0.46,6.80,1.5,a,,,,5274,81419
33,Mings,Tyrone Mings,Aston Villa,AVL,DEF,4.5,0.0,0.0,0.4,10,1.5,2.5,261,2,0,0,1,0,0,43,24,0.20,0.02,4.43,1.5,a,,,,2150,1626
166,N.Jackson,Nicolas Jackson,Aston Villa,AVL,FWD,6.5,0.0,0.0,1.6,10,3.0,2.5,286,4,1,0,1,0,1,52,9,0.68,0.60,2.75,3.0,a,,,,43471,9639
304,O'Shea,Dara O'Shea,Ipswich Town,IPS,DEF,4.0,0.0,0.0,2.6,10,1.5,2.0,450,5,0,0,0,0,0,24,48,0.07,0.26,8.98,1.5,a,,,,2381,16402
429,Rashford,Marcus Rashford,Man Utd,MUN,MID,7.0,0.0,0.0,1.4,10,2.0,2.0,351,4,0,0,1,0,0,58,18,0.78,0.43,4.50,1.5,d,75,Unspecified injury - 75% chance of playing,2026-09-21T10:30:09.221479Z,4357,19879
67,Rayan,Rayan Vitor Simplício Rocha,Bournemouth,BOU,MID,6.3,-0.1,-0.2,1.6,10,2.0,2.0,434,5,0,0,0,0,0,45,15,0.87,0.43,6.35,2.0,a,,,,4807,10820
545,Sadiki,Noah Sadiki,Sunderland,SUN,MID,4.9,0.0,-0.1,0.2,10,2.0,2.0,410,5,0,0,1,0,0,75,29,0.44,0.24,6.47,2.0,a,,,,448,1515
106,Thiago,Igor Thiago Nascimento Rodrigues,Brentford,BRE,FWD,7.8,0.0,-0.2,9.2,10,3.0,2.0,442,5,1,0,2,0,0,37,19,3.13,0.16,6.25,3.0,a,,,,69448,43462
61,Truffert,Adrien Truffert,Bournemouth,BOU,DEF,5.4,-0.1,-0.1,3.0,10,2.5,2.0,450,5,0,0,0,0,2,53,45,0.11,0.29,6.95,2.5,a,,,,5455,13802
452,Bruno G.,Bruno Guimarães Rodriguez Moura,Arsenal,ARS,MID,6.7,0.0,-0.3,1.8,9,4.0,3.0,123,1,1,0,0,0,1,45,12,0.09,0.16,2.18,4.0,a,100,,2026-09-04T14:00:08.328779Z,6946,8506
617,Cho,Mohamed-Ali Cho,Hull City,HUL,MID,5.0,0.0,0.0,0.0,9,3.5,2.2,72,0,1,0,0,0,0,36,2,0.79,0.36,0.98,3.5,a,,,,383,165
167,Delap,Liam Delap,Nott'm Forest,NFO,FWD,5.6,0.1,0.1,2.7,9,3.0,2.2,277,3,1,0,1,0,0,49,17,0.89,0.35,2.62,3.0,a,,,,26767,31856
398,Foden,Phil Foden,Man City,MCI,MID,6.9,0.0,-0.1,1.8,9,-1.0,2.2,217,3,0,2,0,0,1,52,14,1.61,0.88,1.91,0.0,s,0,Suspended until 17 Oct,2026-09-13T17:00:09.433455Z,237,31237
519,Gallagher,Conor Gallagher,Spurs,TOT,MID,5.3,0.0,-0.2,0.2,9,3.0,3.0,134,2,1,0,1,0,0,48,18,0.37,0.12,2.65,3.0,a,,,,886,750
51,George Hemmings,George Hemmings,Aston Villa,AVL,MID,4.5,0.0,0.0,1.2,9,1.0,1.8,297,4,0,0,1,0,0,34,19,0.07,0.16,6.26,1.0,a,,,,3509,10836
371,Gravenberch,Ryan Gravenberch,Liverpool,LIV,MID,5.8,-0.1,-0.2,1.1,9,1.0,1.8,190,2,0,1,0,0,0,51,25,0.10,0.08,2.02,1.0,a,,,,1379,9775
522,Gray,Archie Gray,Spurs,TOT,MID,4.9,0.0,-0.1,0.2,9,2.5,2.2,307,3,0,0,1,0,0,51,27,0.23,0.05,6.11,2.5,a,,,,516,1340
209,Johnson,Brennan Johnson,Everton,EVE,MID,5.9,0.0,-0.1,0.1,9,3.0,1.8,238,3,0,0,2,0,0,26,26,1.03,0.22,3.73,3.0,a,,,,486,805
393,Khusanov,Abdukodir Khusanov,Man City,MCI,DEF,5.4,0.0,-0.1,1.4,9,0.0,3.0,268,3,0,0,1,0,0,53,17,0.00,0.06,2.68,0.0,a,,,,1568,9652
7,Lewis-Skelly,Myles Lewis-Skelly,Arsenal,ARS,MID,5.4,-0.1,-0.1,0.6,9,0.5,2.2,271,4,0,0,2,0,0,37,14,0.16,0.23,1.02,0.5,a,,,,1132,5338
36,Maatsen,Ian Maatsen,Aston Villa,AVL,DEF,4.4,-0.1,-0.1,0.5,9,0.5,2.2,335,4,0,0,1,0,1,22,24,0.28,0.45,6.54,0.0,i,0,Ankle injury - Unknown return date,2026-09-12T18:00:08.729468Z,55,7013
28,Martinez,Emiliano Martínez Romero,Chelsea,CHE,GKP,5.0,0.0,0.0,4.7,9,2.0,2.2,360,4,0,0,0,18,0,61,0,0.00,0.01,7.49,2.0,a,,,,9009,24015
104,Onyeka,Frank Onyeka,Coventry City,COV,MID,4.9,0.0,-0.1,0.1,9,2.5,2.2,314,4,0,0,1,0,0,34,28,0.03,0.02,6.31,2.5,a,100,,2026-09-15T09:00:07.851220Z,189,508
499,Pedro Porro,Pedro Porro Sauceda,Spurs,TOT,DEF,5.4,0.0,-0.1,7.5,9,0.5,3.0,198,3,0,0,1,0,1,33,9,0.37,0.16,1.68,0.4,d,75,Hamstring injury - 75% chance of playing,2026-09-19T12:00:08.823872Z,1797,83391
57,Petrović,Đorđe Petrović,Bournemouth,BOU,GKP,4.5,0.0,0.0,3.0,9,1.5,1.8,450,5,0,0,0,11,0,45,0,0.00,0.00,6.95,1.5,a,,,,7509,13592
423,Shaw,Luke Shaw,Man Utd,MUN,DEF,4.3,-0.1,-0.2,7.6,9,1.0,2.2,335,4,0,1,0,0,0,54,23,0.03,0.58,4.63,1.0,a,100,,2026-09-11T13:00:09.030120Z,4606,83254
194,Thomas-Asante,Brandon Thomas-Asante,Coventry City,COV,FWD,5.0,0.0,0.0,0.8,9,2.5,1.8,227,2,0,0,1,0,0,43,27,0.34,0.06,4.98,2.5,a,,,,9541,6755
644,Timber,Quinten Timber,Crystal Palace,CRY,MID,5.0,0.0,0.0,0.0,9,3.5,3.0,253,3,0,0,1,0,0,45,27,0.24,0.06,5.56,3.5,a,,,,512,346
102,Yarmoliuk,Yehor Yarmoliuk,Brentford,BRE,MID,4.8,0.0,-0.2,0.6,9,3.5,1.8,216,2,0,1,1,0,0,50,26,0.10,0.30,4.58,3.5,a,,,,1526,3728
575,Yirenkyi,Caleb Yirenkyi,Coventry City,COV,MID,4.8,-0.1,-0.2,0.1,9,2.0,1.8,265,3,0,0,2,0,0,36,21,0.03,0.15,4.25,2.0,a,,,,334,1111
473,Aina,Ola Aina,Nott'm Forest,NFO,DEF,4.4,-0.1,-0.1,2.3,8,1.0,2.0,306,4,0,0,1,0,0,45,22,0.04,0.53,3.72,1.0,a,,,,1199,22456
52,Alysson,Alysson Edward Franco da Rocha dos Santos,Aston Villa,AVL,MID,5.0,0.0,0.0,0.0,8,3.0,2.0,87,0,1,0,0,0,0,34,8,0.06,0.00,2.40,2.2,d,75,Unspecified injury - 75% chance of playing,2026-09-19T11:30:09.355376Z,71,845
199,Benitez,Walter Benítez,Crystal Palace,CRY,GKP,4.5,0.0,0.0,0.1,8,4.0,4.0,180,2,0,0,1,5,0,29,0,0.00,0.00,2.99,4.0,a,,,,793,436
643,Chilwell,Ben Chilwell,Crystal Palace,CRY,DEF,4.5,0.0,0.0,0.4,8,0.5,4.0,29,0,1,0,0,0,0,21,1,0.27,0.01,1.12,0.5,a,,,,640,3197
71,Cook,Lewis Cook,Bournemouth,BOU,MID,5.0,0.0,0.0,0.2,8,0.5,1.6,180,2,0,0,2,0,0,25,14,0.00,0.01,4.20,0.5,a,,,,297,1262
417,Dalot,Diogo Dalot Teixeira,Man Utd,MUN,DEF,4.9,0.0,-0.1,1.6,8,2.0,1.6,346,4,0,0,0,0,0,46,16,0.24,0.23,4.70,2.0,a,,,,1564,8366
315,Fatawu,Abdul Fatawu,Ipswich Town,IPS,MID,5.4,0.0,-0.1,0.2,8,0.0,1.6,352,5,0,1,0,0,0,71,28,0.17,1.11,7.79,0.0,s,0,Suspended until 17 Oct,2026-09-19T15:30:10.126897Z,67,2809
145,Fofana,Wesley Fofana,Chelsea,CHE,DEF,5.0,0.0,0.0,0.2,8,2.5,2.0,312,4,0,0,0,0,0,35,47,0.00,0.08,5.65,2.5,a,100,,2026-07-23T12:01:23.464591Z,2947,1450
148,Hato,Jorrel Hato,Chelsea,CHE,DEF,4.5,0.0,0.0,0.8,8,0.0,2.0,258,4,0,2,0,0,0,14,18,0.01,0.21,4.81,0.0,a,,,,985,8027
37,Lindelöf,Victor Lindelöf,Aston Villa,AVL,DEF,4.5,0.0,0.0,0.3,8,1.0,1.6,450,5,0,0,1,0,0,28,22,0.44,0.17,9.22,1.0,a,,,,1308,1486
562,Maeda,Daizen Maeda,Ipswich Town,IPS,MID,5.3,-0.1,-0.2,0.2,8,1.0,1.6,259,3,0,0,0,0,0,32,20,0.71,0.02,6.05,1.0,a,,,,150,1618
401,Marmoush,Omar Marmoush,Spurs,TOT,FWD,7.0,0.0,0.0,2.1,8,2.0,2.0,339,4,0,0,2,0,0,37,13,0.38,0.15,3.84,2.0,a,,,,14210,24015
224,Nketiah,Eddie Nketiah,Crystal Palace,CRY,FWD,5.5,0.0,0.0,0.5,8,0.5,2.0,175,3,0,1,0,0,0,38,12,1.10,0.60,4.51,0.5,a,100,,2026-09-12T14:00:09.427136Z,1454,3691
462,Steur,Sean Steur,Newcastle,NEW,MID,4.9,0.0,-0.1,0.1,8,2.5,1.6,223,2,0,0,1,0,0,42,21,0.00,0.06,4.23,2.5,a,,,,293,432
403,Sávio,Sávio Moreira de Oliveira,Spurs,TOT,MID,6.5,0.0,0.0,0.6,8,2.5,2.7,240,3,0,0,2,0,0,66,11,0.41,0.70,2.76,2.5,a,100,,2026-08-29T16:30:08.380416Z,3441,7876
514,Tel,Mathys Tel,Spurs,TOT,MID,5.7,-0.1,-0.3,0.2,8,0.5,2.0,257,3,0,0,1,0,0,41,13,0.21,0.23,5.55,0.5,a,,,,223,2159
461,Touré,Bazoumana Touré,Newcastle,NEW,MID,5.8,0.0,-0.2,0.1,8,3.5,2.7,50,0,1,0,0,0,0,29,4,0.28,0.01,0.76,3.5,a,,,,375,955
439,Šeško,Benjamin Sesko,Man Utd,MUN,FWD,7.0,0.0,0.0,1.6,8,0.5,2.0,76,0,1,0,0,0,0,39,5,0.39,0.01,2.00,0.4,d,75,Shin injury - 75% chance of playing,2026-09-20T19:30:08.505755Z,6798,26448
337,Aaronson,Brenden Aaronson,Leeds,LEE,MID,5.3,-0.1,-0.2,0.5,7,1.0,1.4,194,2,0,0,1,0,0,36,15,0.01,0.02,3.78,1.0,a,,,,235,3731
320,Akpom,Chuba Akpom,Ipswich Town,IPS,FWD,5.0,0.0,0.0,1.2,7,0.5,2.3,78,0,1,0,0,0,0,36,3,1.14,0.00,4.20,0.5,a,,,,5408,10432
627,Barcola,Bradley Barcola,Liverpool,LIV,MID,8.0,0.0,0.0,1.9,7,3.0,2.3,168,2,0,0,2,0,0,22,8,0.26,0.13,1.43,3.0,a,,,,14204,20895
581,Diomande,Ousmane Diomande,Nott'm Forest,NFO,DEF,5.4,0.0,-0.1,0.5,7,3.0,2.3,163,2,0,0,0,0,0,17,19,0.16,0.01,1.45,3.0,a,,,,1711,2476
525,Fernandes,Mateus Fernandes,Spurs,TOT,MID,5.7,-0.1,-0.3,0.8,7,2.0,1.4,249,3,0,0,1,0,0,50,21,0.19,0.28,4.43,2.0,a,,,,539,7332
456,J.Ramsey,Jacob Ramsey,Newcastle,NEW,MID,4.8,-0.1,-0.2,0.2,7,0.0,2.3,69,0,1,0,0,0,0,26,11,0.17,0.16,1.92,0.0,i,0,Thigh injury - Unknown return date,2026-09-15T09:00:08.191022Z,83,5154
512,Kudus,Mohammed Kudus,Spurs,TOT,MID,6.5,0.0,0.0,0.2,7,2.5,1.8,123,0,0,1,0,0,0,49,14,0.11,0.42,1.46,2.5,a,100,,2026-07-23T12:01:23.848657Z,2675,1324
347,Nmecha,Lukas Nmecha,Leeds,LEE,FWD,5.4,0.0,-0.1,0.5,7,1.0,1.8,64,0,0,1,0,0,0,28,4,0.27,0.15,2.90,1.0,a,,,,2247,4064
95,O.Dango,Dango Ouattara,Brentford,BRE,MID,6.3,0.0,-0.2,0.5,7,1.0,1.4,179,2,0,0,1,0,0,34,28,0.09,0.39,2.81,1.0,a,,,,946,4071
536,Reinildo,Reinildo Mandava,Sunderland,SUN,DEF,4.4,-0.1,-0.1,0.3,7,-1.0,1.8,360,4,0,0,1,0,0,37,29,0.00,0.32,5.05,-1.0,a,100,,2026-09-12T21:30:09.421687Z,252,1678
329,Rodon,Joe Rodon,Leeds,LEE,DEF,4.3,-0.1,-0.2,0.8,7,0.0,3.5,123,2,0,0,1,0,0,25,11,0.03,0.06,1.01,0.0,i,0,Hamstring injury - Expected back 21 Nov,2026-08-30T16:00:08.564382Z,51,9778
564,Scherpen,Kjell Scherpen,Ipswich Town,IPS,GKP,4.5,0.0,0.0,0.6,7,0.5,1.8,360,4,0,0,0,15,0,40,0,0.00,0.01,6.74,0.5,a,,,,800,3072
526,Solanke,Dominic Solanke-Mitchell,Spurs,TOT,FWD,5.8,0.0,-0.2,0.8,7,2.0,1.4,170,2,0,0,1,0,0,21,9,0.56,0.01,2.57,2.0,a,,,,2314,6311
576,Stroud,Elliot Stroud,Hull City,HUL,MID,5.0,0.0,0.0,0.1,7,0.5,1.8,249,4,0,0,2,0,0,17,20,0.06,0.05,4.32,0.5,a,,,,157,516
328,Struijk,Pascal Struijk,Brighton,BHA,DEF,4.9,0.0,-0.1,0.2,7,3.0,2.3,98,1,0,0,1,0,0,31,10,0.16,0.01,1.70,2.2,d,75,Hamstring injury - 75% chance of playing,2026-09-22T10:00:09.404233Z,652,1057
506,Udogie,Destiny Udogie,Spurs,TOT,DEF,4.4,0.0,-0.1,0.3,7,0.0,2.3,86,1,0,0,1,0,0,21,4,0.00,0.23,1.17,0.0,a,100,,2026-09-11T18:00:09.092110Z,378,1776
130,Wieffer,Mats Wieffer,Brighton,BHA,DEF,4.9,0.0,-0.1,0.2,7,0.0,3.5,156,2,0,0,1,0,1,38,15,0.12,0.13,3.18,0.0,i,0,Knee injury - Unknown return date,2026-09-04T09:30:08.612904Z,35,2196
100,Carvalho,Fábio Freitas Gouveia Carvalho,Brentford,BRE,MID,5.0,0.0,0.0,0.0,6,3.0,6.0,3,0,1,0,0,0,0,23,0,0.43,0.00,0.13,3.0,a,100,,2026-08-18T13:58:17.442072Z,646,190
32,Cash,Matty Cash,Aston Villa,AVL,DEF,4.4,0.0,-0.1,4.8,6,-0.5,1.5,296,3,0,0,1,0,0,16,17,0.15,0.04,5.95,-0.5,a,100,,2026-09-09T14:30:08.192142Z,3107,28041
640,Flemming,Zian Flemming,Ipswich Town,IPS,FWD,5.5,0.0,0.0,0.1,6,2.5,2.0,60,0,1,0,0,0,0,34,5,0.64,0.01,0.63,2.5,a,,,,1099,1111
125,Georginio,Georginio Rutter,Brighton,BHA,FWD,5.3,-0.1,-0.2,0.5,6,0.5,3.0,104,1,0,1,1,0,0,24,9,0.17,0.45,1.03,0.5,a,100,,2026-08-26T16:00:07.608056Z,3020,4311
238,Grealish,Jack Grealish,Everton,EVE,MID,6.5,0.0,0.0,0.5,6,2.0,1.5,135,1,0,0,1,0,0,36,13,0.02,0.44,1.67,2.0,a,100,,2026-07-29T10:00:10.492904Z,4377,3318
97,Jensen,Mathias Jensen,Brentford,BRE,MID,5.4,0.0,-0.1,0.1,6,0.0,6.0,66,1,0,1,1,0,0,22,5,0.08,0.34,0.47,0.0,i,0,Unspecified injury - Expected back 10 Oct,2026-08-30T12:30:08.176795Z,22,722
419,Martinez,Lisandro Martínez,Man Utd,MUN,DEF,4.9,-0.1,-0.1,1.3,6,1.0,1.5,360,4,0,0,0,0,0,29,20,0.21,0.16,5.79,1.0,a,100,,2026-07-24T20:00:10.337107Z,4071,6971
656,Mfuni,Stephen Mfuni,Coventry City,COV,DEF,4.0,0.0,0.0,0.1,6,3.0,6.0,90,1,0,0,1,0,0,27,8,0.00,0.01,1.10,3.0,a,,,,2046,939
287,Millar,Liam Millar,Hull City,HUL,MID,5.0,0.0,0.0,0.0,6,0.0,3.0,50,0,1,0,0,0,0,26,4,0.58,0.00,0.87,0.0,u,0,Has joined Birmingham on loan for the rest of the season,2026-09-02T15:36:41.038103Z,0,335
309,Núñez,Marcelino Núñez,Ipswich Town,IPS,MID,4.9,0.0,-0.1,0.1,6,0.0,3.0,140,2,0,0,0,0,0,32,21,0.03,0.05,3.48,0.0,a,,,,106,736
387,O'Reilly,Nico O'Reilly,Man City,MCI,DEF,6.3,-0.1,-0.2,10.7,6,1.0,1.5,163,2,0,0,0,0,0,22,5,0.87,0.43,2.10,0.8,d,75,Unspecified injury - 75% chance of playing,2026-10-01T15:30:10.272693Z,5434,84535
592,Ouattara,Abdoul Ouattara,Ipswich Town,IPS,DEF,4.0,0.0,0.0,0.9,6,1.5,1.2,131,1,0,0,0,0,0,29,11,0.02,0.03,3.13,1.5,a,,,,814,2288
246,Röhl,Merlin Röhl,Everton,EVE,MID,4.9,0.0,-0.1,0.0,6,0.0,2.0,249,3,0,0,1,0,0,35,24,0.00,0.20,4.52,0.0,i,0,Unspecified injury - Expected back 11 Oct,2026-09-16T18:00:09.541933Z,8,633
611,Wan-Bissaka,Aaron Wan-Bissaka,Aston Villa,AVL,DEF,4.5,0.0,0.0,0.2,6,2.0,1.5,152,2,0,0,0,0,0,24,21,0.00,0.07,3.27,2.0,a,,,,1635,1571
175,van Ewijk,Milan van Ewijk,Coventry City,COV,DEF,4.0,0.0,0.0,8.6,6,0.0,1.5,360,4,0,0,0,0,0,7,27,0.00,0.30,7.53,0.0,d,75,Hamstring injury - 75% chance of playing,2026-09-19T16:00:09.486751Z,1248,85770
151,Acheampong,Josh Acheampong,Chelsea,CHE,DEF,4.5,0.0,0.0,0.3,5,0.0,1.2,221,2,0,0,0,0,0,5,20,0.00,0.03,4.72,0.0,a,,,,473,2110
583,Chavarria,Pep Chavarría,Chelsea,CHE,DEF,4.9,0.0,-0.1,0.2,5,1.0,1.0,208,1,0,0,0,0,0,17,16,0.04,0.07,4.10,1.0,a,,,,505,609
75,Christie,Ryan Christie,Bournemouth,BOU,MID,5.0,0.0,0.0,0.0,5,1.5,1.2,102,1,0,0,0,0,0,15,14,0.50,0.13,1.64,1.5,a,100,,2026-07-24T17:30:10.035483Z,348,284
543,Diarra,Habib Diarra,Sunderland,SUN,MID,5.3,-0.1,-0.2,0.0,5,0.0,2.5,28,0,0,1,0,0,0,18,0,0.03,0.16,0.12,0.0,i,0,Hamstring injury - Unknown return date,2026-08-30T16:30:08.428960Z,21,261
198,Henderson,Dean Henderson,Crystal Palace,CRY,GKP,4.9,-0.1,-0.1,1.3,5,0.0,1.7,270,3,0,0,0,12,0,37,0,0.00,0.00,6.47,0.0,i,0,Foot injury - Expected back 11 Oct,2026-09-12T14:00:09.378740Z,166,12507
585,Herrington,Lucas Herrington,Hull City,HUL,DEF,4.0,0.0,0.0,0.6,5,1.0,1.0,197,1,0,0,0,0,0,19,16,0.02,0.04,3.36,1.0,a,,,,1122,1877
90,Hickey,Aaron Hickey,Brentford,BRE,DEF,4.5,0.0,0.0,0.1,5,1.0,1.0,152,1,0,0,0,0,0,17,17,0.03,0.06,3.07,1.0,a,,,,208,282
186,Mason-Clark,Ephron Mason-Clark,Coventry City,COV,MID,5.3,-0.1,-0.2,0.1,5,1.0,1.2,231,4,0,0,0,0,0,19,15,0.51,0.12,3.16,1.0,a,100,,2026-08-19T18:00:08.310507Z,82,383
201,Muñoz,Daniel Muñoz Mejía,Nott'm Forest,NFO,DEF,5.4,0.0,-0.1,5.7,5,2.0,1.2,257,3,0,0,0,0,0,29,15,0.60,0.21,2.59,2.0,a,,,,8876,33333
405,N.Gonzalez,Nico González Iglesias,Newcastle,NEW,MID,5.5,0.0,0.0,0.2,5,0.5,1.7,164,3,0,0,1,0,0,23,12,0.00,0.21,2.34,0.5,a,100,,2026-09-14T21:30:07.343728Z,727,1933
596,Ruggeri,Matteo Ruggeri,Aston Villa,AVL,DEF,4.5,0.0,0.0,0.1,5,1.5,1.7,113,1,0,0,0,0,0,17,16,0.03,0.02,2.05,1.5,a,,,,670,376
190,Tchaouna,Loum Tchaouna,Coventry City,COV,MID,5.4,0.0,-0.1,0.1,5,0.5,1.2,211,2,0,0,0,0,0,32,18,0.23,0.18,3.23,0.5,a,,,,27,403
260,Wilson,Harry Wilson,Leeds,LEE,MID,6.2,0.0,-0.3,1.6,5,0.5,1.2,145,1,0,0,1,0,0,19,11,0.01,0.09,3.28,0.0,i,0,Thigh injury - Unknown return date,2026-09-18T13:30:09.626858Z,81,44706
19,Zubimendi,Martín Zubimendi Ibáñez,Arsenal,ARS,MID,5.3,0.0,-0.2,0.6,5,1.0,1.0,89,0,0,0,0,0,0,16,12,0.21,0.04,1.38,1.0,a,,,,553,4064
56,Abraham,Tammy Abraham,Aston Villa,AVL,FWD,5.5,0.0,0.0,0.2,4,1.0,1.0,71,0,0,0,0,0,0,13,2,0.00,0.00,2.69,1.0,a,100,,2026-08-15T16:00:07.558543Z,1925,1917
182,Amenda,Aurèle Amenda,Coventry City,COV,DEF,4.0,0.0,0.0,0.6,4,0.0,1.0,360,4,0,0,0,0,0,-3,24,0.02,0.39,7.53,0.0,i,0,Calf injury - Unknown return date,2026-09-17T07:30:09.329041Z,46,7511
162,Andrey Santos,Andrey Nascimento dos Santos,Man Utd,MUN,MID,4.8,0.0,-0.2,0.6,4,0.0,1.3,82,1,0,0,0,0,0,23,18,0.00,0.24,2.03,0.0,a,,,,1106,5435
119,Costinha,João Pedro Loureiro da Costa,Brighton,BHA,DEF,4.5,0.0,0.0,0.0,4,1.0,0.8,68,0,0,0,0,0,0,18,7,0.12,0.30,1.02,1.0,a,,,,191,149
157,Estêvão,Estêvão Almeida de Oliveira Gonçalves,Chelsea,CHE,MID,6.3,0.0,-0.2,0.7,4,1.0,1.0,23,0,0,0,0,0,0,17,2,0.07,0.07,1.01,1.0,a,,,,2106,4637
14,Eze,Eberechi Eze,Arsenal,ARS,MID,6.2,-0.1,-0.3,1.0,4,1.0,1.0,85,0,0,0,0,0,0,18,5,0.04,0.09,1.33,1.0,a,,,,3171,7421
634,Fernandez-Pardo,Matias Fernandez-Pardo,Newcastle,NEW,FWD,6.0,0.0,0.0,0.1,4,1.5,1.3,157,2,0,0,0,0,0,16,5,0.05,0.01,2.94,1.5,a,,,,2420,1578
72,Gannon-Doak,Ben Gannon-Doak,Bournemouth,BOU,MID,4.9,0.0,-0.1,0.1,4,1.0,1.0,12,0,0,0,0,0,0,15,7,0.12,0.05,0.60,1.0,a,,,,160,424
589,Gourna-Douath,Lucas Gourna-Douath,Hull City,HUL,MID,5.0,0.0,0.0,0.0,4,0.5,1.3,138,1,0,0,1,0,0,18,17,0.03,0.03,2.26,0.5,a,,,,34,113
144,Gusto,Malo Gusto,Chelsea,CHE,DEF,4.9,-0.1,-0.1,0.9,4,0.5,1.0,272,3,0,0,0,0,0,12,15,0.08,0.12,3.50,0.5,a,,,,1742,7343
488,I.Sangaré,Ibrahim Sangaré,Nott'm Forest,NFO,MID,4.8,-0.1,-0.2,0.4,4,1.0,1.3,105,1,0,0,0,0,0,15,8,0.09,0.02,0.56,1.0,a,100,,2026-08-28T09:30:07.471668Z,355,3469
263,Kevin,Kevin Santos Lopes de Macedo,Fulham,FUL,MID,5.3,0.0,-0.2,0.0,4,1.0,1.0,61,0,0,0,0,0,0,14,8,0.07,0.12,1.23,1.0,a,,,,223,318
450,Livramento,Tino Livramento,Newcastle,NEW,DEF,4.9,0.0,-0.1,0.1,4,1.5,2.0,33,0,0,1,0,0,0,12,3,0.00,0.01,0.18,1.1,d,75,Unspecified injury - 75% chance of playing,2026-09-19T14:00:09.046677Z,472,1671
17,Merino,Mikel Merino Zazón,Arsenal,ARS,MID,5.7,-0.1,-0.3,0.4,4,1.0,0.8,81,0,0,0,0,0,0,19,10,0.14,0.15,0.96,1.0,a,,,,947,3103
369,Ngumoha,Rio Ngumoha,Liverpool,LIV,MID,5.7,-0.1,-0.3,0.5,4,0.5,1.3,99,1,0,0,0,0,0,13,4,0.15,0.05,0.68,0.5,a,,,,908,4614
465,Osula,William Osula,Newcastle,NEW,FWD,5.8,-0.1,-0.2,0.3,4,0.0,4.0,55,1,0,1,0,0,0,18,5,0.06,0.14,1.48,0.0,i,0,Foot injury - Unknown return date,2026-08-25T19:00:08.004915Z,141,2685
195,Simms,Ellis Simms,Coventry City,COV,FWD,4.9,-0.1,-0.1,0.6,4,0.5,1.3,104,1,0,0,0,0,0,13,3,0.30,0.01,2.79,0.5,a,,,,2381,5862
64,Smith,Adam Smith,Bournemouth,BOU,DEF,4.5,0.0,0.0,0.1,4,1.0,0.8,434,5,0,0,0,0,0,14,21,0.01,0.09,6.70,1.0,a,,,,471,552
642,Thomas,Sorba Thomas,Hull City,HUL,MID,5.5,0.0,0.0,0.0,4,1.5,1.3,119,1,0,0,0,0,0,13,8,0.21,0.11,2.04,1.5,a,,,,537,374
136,Welbeck,Danny Welbeck,Chelsea,CHE,FWD,5.9,0.0,-0.1,1.0,4,1.5,1.3,85,1,0,0,0,0,0,15,5,0.00,0.14,1.99,1.5,a,100,,2026-08-20T14:00:07.949090Z,9086,10320
463,Woltemade,Nick Woltemade,Newcastle,NEW,FWD,5.9,0.0,-0.1,0.5,4,0.0,4.0,19,0,0,1,0,0,0,18,0,0.02,0.01,0.38,0.0,u,0,Has joined Juventus on loan for the rest of the season,2026-09-02T16:07:16.549304Z,0,4056
490,Wood,Chris Wood,Nott'm Forest,NFO,FWD,5.8,0.0,-0.2,0.9,4,1.0,1.0,62,0,0,0,0,0,0,13,1,0.12,0.01,0.53,1.0,a,,,,2316,7053
633,Ahanor,Honest Ahanor,Crystal Palace,CRY,DEF,4.5,0.0,0.0,0.0,3,1.5,3.0,90,1,0,0,0,0,0,10,11,0.00,0.01,1.68,1.5,a,,,,151,115
253,Andersen,Joachim Andersen,Fulham,FUL,DEF,5.0,0.0,0.0,0.2,3,0.5,1.0,190,2,0,0,0,0,0,12,20,0.00,0.10,4.35,0.5,a,100,,2026-07-23T12:01:23.516350Z,3136,1252
492,Awoniyi,Taiwo Awoniyi,Coventry City,COV,FWD,5.4,-0.1,-0.1,0.4,3,-1.0,0.8,232,3,0,0,0,0,0,11,11,1.30,0.04,3.55,0.0,s,0,Suspended until 19 Oct,2026-09-13T15:00:09.305127Z,83,5582
559,Bamba,Aladji Bamba,Newcastle,NEW,MID,4.9,0.0,-0.1,0.1,3,1.0,1.0,27,0,0,0,0,0,0,12,8,0.00,0.00,1.29,1.0,a,,,,135,541
568,Barco,Valentín Barco,Chelsea,CHE,MID,5.4,0.0,-0.1,0.1,3,1.0,1.0,115,1,0,0,0,0,0,29,12,0.07,0.11,2.83,1.0,a,,,,266,494
520,Bergvall,Lucas Bergvall,Spurs,TOT,MID,5.3,-0.1,-0.2,0.1,3,1.0,1.0,78,1,0,0,0,0,0,13,13,0.06,0.27,2.21,1.0,a,,,,118,683
74,Brooks,David Brooks,Bournemouth,BOU,MID,5.0,0.0,0.0,0.1,3,0.5,0.8,45,0,0,0,0,0,0,8,5,0.00,0.07,0.75,0.5,a,100,,2026-08-15T16:30:07.037929Z,210,364
149,Colwill,Levi Samuels Colwill,Chelsea,CHE,DEF,4.8,-0.1,-0.2,0.9,3,1.0,0.8,341,4,0,0,0,0,0,17,26,0.01,0.05,6.67,1.0,a,,,,1317,5884
289,Crooks,Matt Crooks,Hull City,HUL,MID,4.4,-0.1,-0.1,0.5,3,0.5,1.0,203,3,0,0,1,0,0,17,21,0.00,0.12,3.57,0.5,a,100,,2026-08-29T15:00:08.569326Z,5552,4725
501,Danso,Kevin Danso,Sunderland,SUN,DEF,5.0,0.0,0.0,0.2,3,0.5,1.0,270,3,0,0,0,0,0,7,20,0.07,0.17,5.91,0.5,a,,,,1296,915
646,Fofana,Malick Fofana,Sunderland,SUN,MID,5.5,0.0,0.0,0.0,3,1.0,1.0,60,0,0,0,0,0,0,11,3,0.39,0.01,3.25,1.0,a,,,,361,324
160,Garnacho,Alejandro Garnacho Ferreyra,Aston Villa,AVL,MID,5.8,0.0,-0.2,0.3,3,0.0,1.0,31,0,0,0,0,0,0,9,2,0.00,0.00,0.49,0.0,a,,,,618,2983
306,Greaves,Jacob Greaves,Ipswich Town,IPS,DEF,4.0,0.0,0.0,1.1,3,0.5,0.8,357,4,0,0,0,0,0,12,30,0.00,0.06,6.74,0.5,a,,,,540,3995
584,Hamer,Gustavo Hamer,Coventry City,COV,MID,5.4,0.0,-0.1,0.1,3,0.0,1.0,32,0,0,0,0,0,0,6,3,0.00,0.02,0.82,0.0,a,,,,43,428
255,J.Cuenca,Jorge Cuenca Barreno,Fulham,FUL,DEF,4.5,0.0,0.0,0.0,3,0.0,3.0,90,1,0,0,0,0,0,7,10,0.00,0.03,2.24,0.0,a,,,,70,124
457,J.Murphy,Jacob Murphy,Newcastle,NEW,MID,5.9,0.0,-0.1,0.1,3,0.5,0.6,181,2,0,0,0,0,0,21,18,0.03,0.41,4.96,0.5,a,,,,1072,894
142,James,Reece James,Chelsea,CHE,DEF,5.3,-0.1,-0.2,5.7,3,0.5,0.8,292,3,0,0,0,0,0,24,13,0.33,0.26,4.90,0.4,d,75,Hamstring injury - 75% chance of playing,2026-09-18T10:30:09.719371Z,719,84995
343,James,Daniel James,Leeds,LEE,MID,4.9,0.0,-0.1,0.1,3,1.0,1.0,52,0,0,0,0,0,0,9,5,0.35,0.01,1.61,1.0,a,,,,221,623
608,Jebbison,Daniel Jebbison,Bournemouth,BOU,FWD,5.0,0.0,0.0,0.1,3,0.5,1.0,31,0,0,0,0,0,0,13,1,0.10,0.00,0.61,0.5,a,,,,994,981
381,Koumas,Lewis Koumas,Liverpool,LIV,MID,5.0,0.0,0.0,0.0,3,0.5,1.0,22,0,0,0,0,0,0,14,1,0.28,0.00,0.72,0.5,a,,,,189,206
635,Larsson,Hugo Larsson,Fulham,FUL,MID,5.0,0.0,0.0,0.0,3,1.0,1.0,37,0,0,0,0,0,0,9,6,0.13,0.23,0.88,1.0,a,,,,103,77
515,Maddison,James Maddison,Spurs,TOT,MID,6.3,0.0,-0.2,0.4,3,1.0,1.0,59,0,0,0,0,0,0,18,11,0.06,0.04,1.03,1.0,a,100,,2026-08-25T14:30:07.623508Z,873,2167
422,Mazraoui,Noussair Mazraoui,Man Utd,MUN,DEF,4.4,0.0,-0.1,0.5,3,0.0,1.0,97,1,0,0,0,0,0,6,6,0.22,0.06,2.08,0.0,d,75,Back injury - 75% chance of playing,2026-10-04T21:30:08.533022Z,613,3252
323,McAteer,Kasey McAteer,Ipswich Town,IPS,MID,4.4,-0.1,-0.1,1.0,3,0.0,1.0,42,0,0,0,0,0,0,12,5,0.05,0.00,0.21,0.0,a,,,,1817,7172
241,McNeil,Dwight McNeil,Crystal Palace,CRY,MID,5.3,-0.1,-0.2,0.1,3,0.0,1.5,84,1,0,0,0,0,0,13,7,0.05,0.02,1.18,0.0,a,,,,87,542
523,Moore,Mikey Moore,Spurs,TOT,MID,5.0,0.0,0.0,0.1,3,0.0,1.5,89,1,0,0,0,0,0,11,3,0.40,0.02,3.26,0.0,u,0,Has joined FC Köln on loan for the rest of the season,2026-09-04T12:39:48.098158Z,0,595
271,Muniz,Rodrigo Muniz Carvalho,Fulham,FUL,FWD,5.4,0.0,-0.1,0.4,3,0.5,0.8,38,0,0,0,0,0,0,14,3,0.40,0.00,0.85,0.5,a,,,,2013,2950
478,Netz,Luca Netz,Nott'm Forest,NFO,DEF,4.4,0.0,-0.1,0.0,3,0.5,1.0,27,0,0,0,0,0,0,8,1,0.00,0.02,0.13,0.5,a,,,,61,127
375,Nyoni,Trey Nyoni,Liverpool,LIV,MID,4.9,0.0,-0.1,0.0,3,0.5,1.0,38,0,0,0,0,0,0,9,10,0.00,0.00,0.36,0.5,a,,,,99,328
600,Osman,Ibrahim Osman,Brighton,BHA,MID,5.0,0.0,0.0,0.0,3,0.5,1.0,40,0,0,0,0,0,0,15,4,0.05,0.07,0.32,0.5,a,,,,119,136
34,Pau,Pau Torres,Aston Villa,AVL,DEF,4.4,-0.1,-0.1,0.3,3,0.5,1.0,187,3,0,0,0,0,0,-4,9,0.00,0.01,4.79,0.0,i,0,Hamstring injury - Expected back 10 Oct,2026-09-12T18:00:08.712707Z,48,3466
498,Senesi,Marcos Senesi Barón,Spurs,TOT,DEF,5.8,0.0,-0.2,3.5,3,0.0,3.0,90,1,0,0,0,0,0,10,16,0.00,0.02,3.87,0.0,a,,,,1359,23462
269,Sessegnon,Ryan Sessegnon,Fulham,FUL,DEF,4.3,-0.1,-0.2,0.3,3,0.0,1.0,50,0,0,0,0,0,0,13,3,0.13,0.44,1.80,0.0,a,100,,2026-09-14T11:30:07.403957Z,358,1424
262,Smith Rowe,Emile Smith Rowe,Fulham,FUL,MID,5.3,-0.1,-0.2,0.2,3,0.5,1.0,38,0,0,0,0,0,0,11,3,0.06,0.02,0.87,0.5,a,,,,355,1439
577,Tomiyasu,Takehiro Tomiyasu,Crystal Palace,CRY,DEF,4.4,0.0,-0.1,0.3,3,0.5,0.8,189,2,0,0,0,0,0,10,17,0.00,0.03,3.98,0.4,d,75,Calf injury - 75% chance of playing,2026-09-21T13:30:09.030724Z,149,1380
188,Torp,Victor Torp,Coventry City,COV,MID,5.3,-0.1,-0.2,0.1,3,0.5,1.0,53,0,0,0,0,0,0,13,3,0.00,0.12,1.22,0.5,a,,,,46,491
108,Wilson,Callum Wilson,Brentford,BRE,FWD,5.4,-0.1,-0.1,0.3,3,0.0,1.0,13,0,0,0,0,0,0,9,2,0.07,0.04,0.15,0.0,a,,,,1363,2655
248,Beto,Norberto Bercique Gomes Betuncal,Everton,EVE,FWD,5.4,0.0,-0.1,0.6,2,0.0,1.0,31,0,0,0,0,0,0,5,1,0.09,0.00,1.92,0.0,u,0,Has joined Fiorentina permanently,2026-09-02T16:05:23.357221Z,0,8033
616,Bouaddi,Ayyoub Bouaddi,Man City,MCI,MID,5.5,0.0,0.0,0.2,2,0.0,1.0,22,0,0,0,0,0,0,8,6,0.00,0.12,0.37,0.0,a,,,,898,2232
620,Diouf,El Hadji Malick Diouf,Brentford,BRE,DEF,4.5,0.0,0.0,0.1,2,1.0,1.0,39,0,0,0,0,0,0,7,2,0.00,0.01,0.63,1.0,a,,,,552,746
281,Drameh,Cody Drameh,Hull City,HUL,DEF,4.0,0.0,0.0,0.0,2,0.0,1.0,65,0,0,0,0,0,0,8,6,0.05,0.00,0.87,0.0,u,0,Has joined Genoa permanently,2026-09-02T16:09:06.479140Z,0,272
571,Florentino,Florentino Ibrain Morris Luís,Ipswich Town,IPS,MID,4.8,-0.1,-0.2,0.1,2,1.0,1.0,30,0,0,0,0,0,0,9,2,0.00,0.01,0.75,1.0,a,100,,2026-08-25T11:30:07.678802Z,120,374
357,Frimpong,Jeremie Frimpong,Liverpool,LIV,DEF,5.3,0.0,-0.2,1.7,2,0.5,0.7,178,2,0,0,0,0,0,24,12,0.01,0.23,3.91,0.5,a,,,,1799,13773
54,Gomes,Joao Gomes,Aston Villa,AVL,MID,5.5,0.0,0.0,0.0,2,2.0,1.0,129,2,0,0,0,0,0,11,20,0.00,0.03,4.14,2.0,a,100,,2026-09-16T19:30:08.742410Z,518,218
595,Gozo,Zavier Gozo,Crystal Palace,CRY,MID,4.9,-0.1,-0.1,0.0,2,0.5,1.0,28,0,0,0,0,0,0,6,1,0.00,0.00,0.68,0.5,a,,,,41,97
42,Guessand,Evann Guessand,Crystal Palace,CRY,MID,5.4,0.0,-0.1,0.0,2,0.0,1.0,54,0,0,0,0,0,0,6,2,0.03,0.03,0.34,0.0,a,,,,121,283
25,Gyökeres,Viktor Gyökeres,Arsenal,ARS,FWD,7.1,-0.1,-0.4,3.2,2,0.5,1.0,29,0,0,0,0,0,0,7,1,0.00,0.23,0.65,0.5,a,,,,22234,19128
101,Henderson,Jordan Henderson,Chelsea,CHE,MID,4.9,0.0,-0.1,0.0,2,1.0,2.0,90,1,0,0,0,0,0,16,10,0.00,0.08,2.65,1.0,a,100,,2026-08-09T09:30:07.136250Z,562,181
9,Hincapie,Piero Hincapié,Arsenal,ARS,DEF,5.2,-0.1,-0.3,0.9,2,0.0,1.0,32,0,0,0,0,0,0,6,3,0.00,0.00,0.28,0.0,a,,,,1653,6123
212,Hughes,Will Hughes,Crystal Palace,CRY,MID,4.4,0.0,-0.1,7.3,2,0.5,1.0,29,0,0,0,0,0,0,9,7,0.00,0.04,1.12,0.5,a,,,,9855,49701
240,Iroegbunam,Tim Iroegbunam,Hull City,HUL,MID,5.0,0.0,0.0,0.0,2,0.5,0.7,70,0,0,0,0,0,0,10,9,0.12,0.01,0.60,0.5,a,100,,2026-08-15T20:00:06.878792Z,83,146
406,Kovačić,Mateo Kovačić,Man City,MCI,MID,5.3,-0.1,-0.2,0.1,2,0.0,1.0,42,0,0,0,0,0,0,12,2,0.00,0.02,0.10,0.0,a,,,,126,500
339,Longstaff,Sean Longstaff,Leeds,LEE,MID,4.8,-0.1,-0.2,0.1,2,0.5,1.0,10,0,0,0,0,0,0,7,0,0.00,0.00,0.35,0.5,a,,,,161,692
16,Madueke,Noni Madueke,Arsenal,ARS,MID,6.2,0.0,-0.3,0.2,2,0.0,1.0,23,0,0,0,0,0,0,11,3,0.00,0.05,0.15,0.0,a,,,,823,1676
223,Mateta,Jean-Philippe Mateta,Crystal Palace,CRY,FWD,6.3,0.0,-0.2,1.3,2,0.0,2.0,62,1,0,0,0,0,0,-3,5,0.70,0.02,0.98,0.0,i,0,Hamstring injury - Expected back 11 Oct,2026-08-28T21:00:08.020382Z,245,10022
631,Mbaye,Ibrahim Mbaye,Aston Villa,AVL,MID,6.0,0.0,0.0,0.1,2,1.0,1.0,33,0,0,0,0,0,0,8,2,0.02,0.13,1.64,1.0,a,,,,1032,1223
621,McAidoo,Ryan McAidoo,Man City,MCI,MID,4.5,0.0,0.0,0.1,2,0.0,1.0,11,0,0,0,0,0,0,8,4,0.10,0.00,0.02,0.0,a,,,,216,1161
207,Mingueza,Oscar Mingueza,Crystal Palace,CRY,DEF,4.4,0.0,-0.1,0.1,2,0.0,1.0,16,0,0,0,0,0,0,5,2,0.00,0.00,0.33,0.0,a,,,,100,315
232,O'Brien,Jake O'Brien,Everton,EVE,DEF,4.8,-0.1,-0.2,0.3,2,1.0,1.0,16,0,0,0,0,0,0,5,2,0.00,0.00,0.42,1.0,a,,,,378,1299
126,O'Riley,Matt O'Riley,Brighton,BHA,MID,5.4,0.0,-0.1,0.1,2,1.0,1.0,10,0,0,0,0,0,0,6,3,0.28,0.01,0.18,1.0,a,,,,471,609
318,Philogene,Jaden Philogene,Ipswich Town,IPS,MID,5.4,0.0,-0.1,0.1,2,1.0,1.0,52,0,0,0,0,0,0,11,4,0.08,0.01,0.97,1.0,a,100,,2026-08-25T11:30:07.532993Z,38,178
164,Quenda,Geovany Quenda,Chelsea,CHE,MID,5.3,0.0,-0.2,0.0,2,0.5,1.0,27,0,0,0,0,0,0,5,1,0.03,0.01,1.29,0.5,a,100,,2026-07-24T20:30:10.609931Z,79,192
527,Richarlison,Richarlison de Andrade,Spurs,TOT,FWD,5.9,0.0,-0.1,0.6,2,0.0,2.0,67,1,0,0,0,0,0,6,1,0.00,0.00,3.02,0.0,u,0,not included in squad.,2026-09-04T12:32:39.183614Z,0,6403
548,Rigg,Chris Rigg,Sunderland,SUN,MID,4.9,0.0,-0.1,0.0,2,0.0,1.0,17,0,0,0,0,0,0,6,1,0.00,0.00,0.44,0.0,a,,,,39,257
81,Rodríguez,Álvaro Rodríguez,Bournemouth,BOU,FWD,6.0,0.0,0.0,0.1,2,0.5,1.0,10,0,0,0,0,0,0,7,1,0.00,0.00,0.18,0.5,a,100,,2026-08-15T16:30:07.054142Z,914,785
446,Schär,Fabian Schär,Newcastle,NEW,DEF,4.9,0.0,-0.1,0.2,2,0.5,1.0,25,0,0,0,0,0,0,0,7,0.00,0.01,1.87,0.5,a,100,,2026-08-15T16:30:07.209742Z,653,994
140,Sánchez,Robert Lynch Sánchez,Chelsea,CHE,GKP,4.9,0.0,-0.1,0.7,2,0.0,2.0,90,1,0,0,0,4,0,6,0,0.00,0.01,1.33,0.0,u,0,Has joined Como on loan for the rest of the season,2026-09-02T16:20:41.841936Z,0,5379
364,Tsimikas,Kostas Tsimikas,Liverpool,LIV,DEF,4.9,0.0,-0.1,0.1,2,0.5,1.0,64,1,0,0,0,0,0,6,3,0.04,0.02,0.47,0.5,a,,,,111,423
76,Tóth.A,Alex Tóth,Bournemouth,BOU,MID,4.9,0.0,-0.1,0.0,2,0.5,1.0,17,0,0,0,0,0,0,8,2,0.00,0.00,0.56,0.5,a,,,,29,60
637,Vaz,Robinio Vaz,Hull City,HUL,FWD,5.0,0.0,0.0,0.1,2,1.0,1.0,20,0,0,0,0,0,0,8,2,0.00,0.01,0.31,1.0,a,,,,2012,1275
300,Walton,Christian Walton,Ipswich Town,IPS,GKP,4.4,0.0,-0.1,0.4,2,1.0,2.0,90,1,0,0,0,1,0,10,0,0.00,0.01,2.24,1.0,a,,,,2051,1229
420,Yoro,Leny Yoro,Man Utd,MUN,DEF,4.8,-0.1,-0.2,0.5,2,0.0,1.0,22,0,0,0,0,0,0,-1,5,0.00,0.02,1.09,0.0,a,,,,525,2350
440,Zirkzee,Joshua Zirkzee,Man Utd,MUN,FWD,5.3,-0.1,-0.2,0.4,2,1.0,1.0,20,0,0,0,0,0,0,8,4,0.00,0.01,0.02,1.0,a,,,,2220,3395
243,Alcaraz,Carlos Alcaraz Durán,Everton,EVE,MID,4.9,0.0,-0.1,0.1,1,0.0,0.5,5,0,0,0,0,0,0,5,3,0.05,0.02,0.04,0.0,a,,,,170,439
535,Alderete,Omar Alderete,Sunderland,SUN,DEF,4.8,-0.1,-0.2,0.2,1,0.0,1.0,23,0,0,0,0,0,0,2,0,0.00,0.01,0.10,0.0,a,100,,2026-08-09T08:30:05.962393Z,249,1187
648,Bahoya,Jean-Mattéo Bahoya,Leeds,LEE,MID,5.0,0.0,0.0,0.0,1,0.5,1.0,1,0,0,0,0,0,0,5,0,0.00,0.00,0.00,0.5,a,,,,120,191
641,Bard,Melvin Bard,Leeds,LEE,DEF,4.5,0.0,0.0,0.0,1,0.5,1.0,18,0,0,0,0,0,0,1,2,0.00,0.00,0.30,0.5,a,,,,107,87
35,Bogarde,Lamare Bogarde,Aston Villa,AVL,MID,4.9,-0.1,-0.1,0.1,1,0.0,1.0,16,0,0,0,0,0,0,3,1,0.00,0.00,0.22,0.0,a,,,,187,466
622,Braithwaite,Kaden Braithwaite,Man City,MCI,DEF,4.0,0.0,0.0,0.2,1,0.0,1.0,1,0,0,0,0,0,0,3,0,0.00,0.00,0.00,0.0,a,,,,627,1732
159,Caicedo,Moisés Caicedo Corozo,Chelsea,CHE,MID,5.3,0.0,-0.2,1.0,1,0.0,1.0,13,0,0,0,0,0,0,3,0,0.00,0.00,0.07,0.0,d,50,Calf injury - 50% chance of playing,2026-08-30T16:00:08.393562Z,455,9880
206,Chadi Riad,Chadi Riad Dnanou,Crystal Palace,CRY,DEF,4.3,-0.1,-0.2,0.0,1,0.0,1.0,72,1,0,0,0,0,0,7,7,0.00,0.01,0.98,0.0,i,0,Knee injury - Unknown return date,2026-08-22T18:00:07.352049Z,29,150
599,Cherif,Sidiki Cherif,Coventry City,COV,FWD,5.0,0.0,0.0,0.1,1,0.5,1.0,30,0,0,0,0,0,0,3,1,0.00,0.00,1.43,0.5,a,,,,604,823
594,David,Promise David,Brighton,BHA,FWD,5.9,-0.1,-0.1,0.2,1,0.0,0.5,23,0,0,0,0,0,0,-4,0,0.42,0.00,0.14,0.0,a,,,,3460,2388
245,Dibling,Tyler Dibling,Everton,EVE,MID,5.4,0.0,-0.1,0.0,1,0.5,1.0,24,0,0,0,0,0,0,10,0,0.17,0.16,0.38,0.5,a,,,,132,167
153,Disasi,Axel Disasi,Crystal Palace,CRY,DEF,4.5,0.0,0.0,0.1,1,-1.5,0.3,139,2,0,0,0,0,0,-6,20,0.00,0.04,3.72,0.0,s,0,Suspended until 25 Oct,2026-09-12T15:30:09.445078Z,31,864
400,Doku,Jérémy Doku,Man City,MCI,MID,7.4,0.0,-0.1,0.7,1,0.5,1.0,15,0,0,0,0,0,0,7,2,0.23,0.32,0.42,0.5,a,100,,2026-08-18T17:00:08.385597Z,5308,2372
487,Dominguez,Nicolás Domínguez,Nott'm Forest,NFO,MID,4.9,0.0,-0.1,0.1,1,0.0,1.0,1,0,0,0,0,0,0,3,0,0.00,0.00,0.00,0.0,a,,,,68,316
20,Dowman,Max Dowman,Arsenal,ARS,MID,5.3,0.0,-0.2,0.1,1,0.5,1.0,9,0,0,0,0,0,0,4,0,0.00,0.08,0.31,0.4,d,75,Unspecified injury - 75% chance of playing,2026-10-05T19:00:10.141532Z,482,673
308,Furlong,Darnell Furlong,Ipswich Town,IPS,DEF,3.9,0.0,-0.1,0.6,1,0.0,1.0,17,0,0,0,0,0,0,-1,3,0.00,0.00,0.86,0.0,a,,,,7033,3352
340,Gelhardt,Joe Gelhardt,Hull City,HUL,MID,5.0,0.0,0.0,0.0,1,0.5,1.0,7,0,0,0,0,0,0,5,1,0.10,0.02,0.13,0.5,a,100,,2026-08-17T21:30:07.799839Z,103,120
421,Heaven,Ayden Heaven,Man Utd,MUN,DEF,4.3,-0.1,-0.2,0.3,1,0.0,1.0,90,1,0,0,0,0,0,5,2,0.12,0.04,1.01,0.0,a,,,,285,1630
89,Henry,Rico Henry,Brentford,BRE,DEF,4.4,0.0,-0.1,0.2,1,0.0,1.0,2,0,0,0,0,0,0,3,0,0.00,0.00,0.00,0.0,a,,,,172,664
574,Hjertø-Dahl,Jens Hjertø-Dahl,Hull City,HUL,MID,4.9,0.0,-0.1,0.1,1,0.0,1.0,8,0,0,0,0,0,0,4,1,0.00,0.00,0.00,0.0,a,,,,82,351
482,Hudson-Odoi,Callum Hudson-Odoi,Nott'm Forest,NFO,MID,5.8,0.0,-0.2,0.1,1,0.0,1.0,1,0,0,0,0,0,0,2,0,0.00,0.00,0.00,0.0,a,100,,2026-07-23T12:01:23.832709Z,310,1252
5,J.Timber,Jurriën Timber,Arsenal,ARS,DEF,6.5,0.0,0.0,0.4,1,0.5,0.5,104,1,0,0,0,0,0,-3,5,0.00,0.03,2.18,0.5,a,100,,2026-07-23T12:01:23.272929Z,15703,4988
493,Kalimuendo,Arnaud Kalimuendo,Nott'm Forest,NFO,FWD,5.4,0.0,-0.1,0.1,1,0.0,1.0,1,0,0,0,0,0,0,3,0,0.00,0.00,0.00,0.0,a,,,,255,452
435,Lacey,Shea Lacey,Man Utd,MUN,MID,4.9,0.0,-0.1,0.1,1,0.0,1.0,10,0,0,0,0,0,0,3,1,0.00,0.00,0.00,0.0,a,,,,402,389
179,Latibeaudiere,Joel Latibeaudiere,Coventry City,COV,DEF,4.0,0.0,0.0,0.0,1,0.5,1.0,1,0,0,0,0,0,0,3,2,0.00,0.00,0.02,0.5,a,,,,82,155
213,Lerma,Jefferson Lerma Solís,Crystal Palace,CRY,MID,4.8,-0.1,-0.2,0.1,1,0.5,0.5,51,0,0,0,0,0,0,6,12,0.26,0.00,1.25,0.5,a,,,,102,416
395,Lewis,Rico Lewis,Man City,MCI,DEF,4.4,0.0,-0.1,0.2,1,0.0,1.0,56,1,0,0,0,0,0,-1,2,0.17,0.02,0.55,0.0,a,,,,353,1307
29,M.Bizot,Marco Bizot,Aston Villa,AVL,GKP,4.5,0.0,0.0,0.1,1,0.0,1.0,90,1,0,0,0,3,0,1,0,0.00,0.00,3.77,0.0,i,0,Back injury - Expected back 10 Oct,2026-09-17T07:30:09.058151Z,71,1108
285,McNair,Paddy McNair,Hull City,HUL,DEF,4.0,0.0,0.0,0.1,1,0.0,1.0,26,0,0,0,0,0,0,3,2,0.00,0.00,0.96,0.0,a,100,,2026-09-09T13:30:08.327907Z,213,452
563,Morita,Hidemasa Morita,Hull City,HUL,MID,4.9,-0.1,-0.1,0.0,1,0.0,1.0,45,1,0,0,0,0,0,6,3,0.00,0.00,1.09,0.0,i,0,Calf injury - Expected back 11 Oct,2026-09-09T14:00:08.474217Z,24,199
430,Mount,Mason Mount,Man Utd,MUN,MID,5.4,0.0,-0.1,0.0,1,0.5,1.0,10,0,0,0,0,0,0,3,1,0.09,0.01,0.00,0.5,a,100,,2026-08-15T16:00:07.879135Z,206,211
578,Mudryk,Mykhailo Mudryk,Spurs,TOT,MID,5.3,-0.1,-0.2,0.0,1,0.0,1.0,16,0,0,0,0,0,0,3,0,0.00,0.00,0.16,0.0,i,0,Ankle injury - Unknown return date,2026-09-11T18:00:09.154412Z,25,604
547,Mundle,Romaine Mundle,Sunderland,SUN,MID,4.9,0.0,-0.1,0.0,1,0.0,1.0,1,0,0,0,0,0,0,2,1,0.17,0.00,0.09,0.0,i,0,Knee injury - Unknown return date,2026-09-09T14:00:08.462705Z,11,60
662,Nicoll-Jazuli,Mahdi Nicoll-Jazuli,Chelsea,CHE,MID,4.5,0.0,0.0,0.0,1,1.0,1.0,3,0,0,0,0,0,0,5,2,0.00,0.00,0.43,1.1,a,,,,363,79
638,Norton-Cuffy,Brooke Norton-Cuffy,Hull City,HUL,DEF,4.0,0.0,0.0,0.2,1,0.0,0.5,34,0,0,0,0,0,0,3,1,0.05,0.00,0.30,0.0,d,75,Hamstring injury - 75% chance of playing,2026-09-21T08:30:09.561308Z,462,2792
539,O'Nien,Luke O'Nien,Sunderland,SUN,DEF,3.9,-0.1,-0.1,2.5,1,0.0,1.0,66,1,0,0,0,0,0,1,5,0.01,0.01,1.69,0.0,a,,,,19612,13273
647,Osorio,Darío Osorio,Crystal Palace,CRY,MID,5.5,0.0,0.0,0.0,1,0.0,1.0,1,0,0,0,0,0,0,2,1,0.00,0.00,0.13,0.0,a,,,,29,82
185,Sakamoto,Tatsuhiro Sakamoto,Coventry City,COV,MID,4.8,0.0,-0.2,0.1,1,0.0,1.0,31,0,0,0,0,0,0,8,4,0.02,0.02,0.69,0.0,a,,,,135,438
208,Sarr,Ismaïla Sarr,Crystal Palace,CRY,MID,6.2,0.0,-0.3,0.6,1,0.5,1.0,8,0,0,0,0,0,0,3,0,0.00,0.01,0.06,0.5,a,100,,2026-08-22T18:00:07.363165Z,2896,2486
120,Svoboda,Michael Svoboda,Brighton,BHA,DEF,5.0,0.0,0.0,0.1,1,0.5,1.0,4,0,0,0,0,0,0,5,1,0.00,0.00,0.14,0.5,a,,,,1383,495
549,Talbi,Chemsdine Talbi,Sunderland,SUN,MID,5.3,0.0,-0.2,0.1,1,0.0,1.0,31,0,0,0,0,0,0,1,2,0.00,0.00,0.14,0.0,a,,,,124,617
556,Targett,Matt Targett,Hull City,HUL,DEF,4.0,0.0,0.0,1.6,1,0.0,1.0,5,0,0,0,0,0,0,3,0,0.00,0.00,0.07,0.0,d,75,Ankle injury - 75% chance of playing,2026-09-17T14:00:26.419938Z,125,10991
147,Tosin,Tosin Adarabioyo,Spurs,TOT,DEF,4.4,0.0,-0.1,0.1,1,0.5,1.0,5,0,0,0,0,0,0,5,4,0.00,0.00,0.03,0.5,a,,,,116,610
396,Vitor Reis,Vitor de Oliveira Nunes dos Reis,Man City,MCI,DEF,4.5,0.0,0.0,0.0,1,0.0,1.0,1,0,0,0,0,0,0,3,0,0.00,0.00,0.00,0.0,a,,,,80,166
321,Walle Egeli,Sindre Walle Egeli,Ipswich Town,IPS,FWD,4.5,0.0,0.0,3.5,1,0.0,1.0,10,0,0,0,0,0,0,3,0,0.00,0.00,0.03,0.0,a,,,,21004,29843
135,Yohanna,Zadok Yohanna,Brighton,BHA,MID,4.8,-0.1,-0.2,0.0,1,0.0,1.0,12,0,0,0,0,0,0,3,0,0.00,0.03,0.00,0.0,i,0,Unspecified injury - Expected back 10 Oct,2026-09-10T13:00:08.617941Z,27,420
38,A.García,Andrés García,Aston Villa,AVL,DEF,4.0,0.0,0.0,1.5,0,0.0,0.0,0,0,0,0,0,0,0,0,0,0.00,0.00,0.00,0.0,a,,,,2010,6662
451,A.Murphy,Alex Murphy,Newcastle,NEW,DEF,4.0,0.0,0.0,0.1,0,0.0,0.0,0,0,0,0,0,0,0,0,0,0.00,0.00,0.00,0.0,u,0,Has joined FC Kaiserslautern on loan for the rest of the season,2026-08-12T14:05:29.224600Z,0,324
477,Abbott,Zach Abbott,Nott'm Forest,NFO,DEF,4.0,0.0,0.0,0.1,0,0.0,0.0,0,0,0,0,0,0,0,0,0,0.00,0.00,0.00,0.0,u,0,Has joined Southampton on loan for the rest of the season,2026-09-02T16:19:54.536676Z,0,920
546,Adingra,Simon Adingra,Sunderland,SUN,MID,4.9,0.0,-0.1,0.0,0,0.0,0.0,0,0,0,0,0,0,0,0,0,0.00,0.00,0.00,0.0,u,0,Has joined Ajax on loan for the rest of the season,2026-08-20T14:00:08.416985Z,0,205
77,Adli,Amine Adli,Bournemouth,BOU,MID,4.9,0.0,-0.1,0.0,0,0.0,0.0,0,0,0,0,0,0,0,0,0,0.00,0.00,0.00,0.0,i,0,Calf injury - Unknown return date,2026-08-15T16:00:07.590566Z,29,81
613,Ahoka,Jules Ahoka,Sunderland,SUN,MID,4.5,0.0,0.0,0.2,0,0.0,0.0,0,0,0,0,0,0,0,0,0,0.00,0.00,0.00,0.0,a,,,,640,1717
296,Akintola,David Akintola,Hull City,HUL,MID,5.0,0.0,0.0,0.0,0,0.0,0.0,0,0,0,0,0,0,0,0,0,0.00,0.00,0.00,0.0,u,0,Has joined Omonoia FC permanently,2026-09-11T14:42:38.120231Z,0,299
322,Al-Hamadi,Ali Al-Hamadi,Ipswich Town,IPS,FWD,5.0,0.0,0.0,0.0,0,0.0,0.0,0,0,0,0,0,0,0,0,0,0.00,0.00,0.00,0.0,u,0,Has joined Sheffield Wednesday on loan for the rest of the season,2026-08-27T14:54:10.215357Z,0,415
628,Allan,Allan Andrade Elias,Man City,MCI,MID,6.0,0.0,0.0,0.0,0,0.0,0.0,0,0,0,0,0,0,0,0,0,0.00,0.00,0.00,0.0,a,,,,243,180
394,Alleyne,Max Alleyne,Man City,MCI,DEF,5.0,0.0,0.0,0.0,0,0.0,0.0,0,0,0,0,0,0,0,0,0,0.00,0.00,0.00,0.0,u,0,Has joined Burnley on loan for the rest of the season,2026-08-18T14:11:56.324656Z,0,20
431,Amad,Amad Diallo,Man Utd,MUN,MID,5.7,0.0,-0.3,0.3,0,0.0,0.0,0,0,0,0,0,0,0,0,0,0.00,0.00,0.00,0.0,i,0,Unspecified injury - Unknown return date,2026-08-22T11:00:08.617283Z,149,2075
424,Amass,Harry Amass,Man Utd,MUN,DEF,4.0,0.0,0.0,0.2,0,0.0,0.0,0,0,0,0,0,0,0,0,0,0.00,0.00,0.00,0.0,a,,,,454,859
192,Andrews,Kai Andrews,Coventry City,COV,MID,4.5,0.0,0.0,0.3,0,0.0,0.0,0,0,0,0,0,0,0,0,0,0.00,0.00,0.00,0.0,u,0,Has joined Oxford United on loan for the rest of the season,2026-08-29T00:35:59.998520Z,0,2197
632,Ansah,Ilyas Ansah,Hull City,HUL,FWD,5.0,0.0,0.0,0.0,0,0.0,0.0,0,0,0,0,0,0,0,0,0,0.00,0.00,0.00,0.0,i,0,Back injury - Unknown return date,2026-09-09T10:00:08.919489Z,82,458
561,Anselmino,Aaron Anselmino,Chelsea,CHE,DEF,4.5,0.0,0.0,0.0,0,0.0,0.0,0,0,0,0,0,0,0,0,0,0.00,0.00,0.00,0.0,a,100,,2026-08-23T19:00:08.536705Z,73,114
2,Arrizabalaga,Kepa Arrizabalaga Revuelta,Arsenal,ARS,GKP,4.9,0.0,-0.1,0.1,0,0.0,0.0,0,0,0,0,0,0,0,0,0,0.00,0.00,0.00,0.0,a,,,,125,285
495,Austin,Brandon Austin,Spurs,TOT,GKP,4.0,0.0,0.0,1.0,0,0.0,0.0,0,0,0,0,0,0,0,0,0,0.00,0.00,0.00,0.0,a,,,,2176,2393
652,Azeez,Femi Azeez,Brighton,BHA,MID,5.5,0.0,0.0,0.0,0,0.0,0.0,0,0,0,0,0,0,0,0,0,0.00,0.00,0.00,0.0,i,0,Hamstring injury - Expected back 10 Oct,2026-09-04T11:30:08.661589Z,20,47
235,Aznou,Adam Aznou,Everton,EVE,DEF,4.0,0.0,0.0,0.1,0,0.0,0.0,0,0,0,0,0,0,0,0,0,0.00,0.00,0.00,0.0,u,0,Has joined Malaga on loan for the rest of the season,2026-09-01T13:23:16.934847Z,0,631
392,Aït-Nouri,Rayan Aït-Nouri,Man City,MCI,DEF,5.2,-0.1,-0.3,0.4,0,0.0,0.0,0,0,0,0,0,0,0,0,0,0.00,0.00,0.00,0.0,a,,,,576,2371
146,B.Badiashile,Benoît Badiashile Mukinayi,Chelsea,CHE,DEF,4.5,0.0,0.0,0.0,0,0.0,0.0,0,0,0,0,0,0,0,0,0,0.00,0.00,0.00,0.0,u,0,Has joined Napoli on loan for the rest of the season,2026-08-25T14:03:47.079414Z,0,50
44,Bailey,Leon Bailey,Aston Villa,AVL,MID,5.4,0.0,-0.1,0.1,0,0.0,0.0,0,0,0,0,0,0,0,0,0,0.00,0.00,0.00,0.0,u,0,Has joined Olympiakos permanently,2026-09-04T12:35:14.472260Z,0,539
376,Bajcetic,Stefan Bajčetić Maquieira,Liverpool,LIV,MID,5.0,0.0,0.0,0.0,0,0.0,0.0,0,0,0,0,0,0,0,0,0,0.00,0.00,0.00,0.0,u,0,Has joined Celta Vigo permanently,2026-07-23T12:01:23.628373Z,0,3
485,Bakwa,Dilane Bakwa,Nott'm Forest,NFO,MID,5.5,0.0,0.0,0.0,0,0.0,0.0,0,0,0,0,0,0,0,0,0,0.00,0.00,0.00,0.0,u,0,Has joined Lille on loan for the rest of the season,2026-08-27T14:53:03.381941Z,0,41
661,Balcombe,Ellery Balcombe,Brentford,BRE,GKP,4.0,0.0,0.0,0.0,0,0.0,0.0,0,0,0,0,0,0,0,0,0,0.00,0.00,0.00,1.0,a,,,,3259,648
131,Baleba,Carlos Baleba,Man Utd,MUN,MID,4.9,0.0,-0.1,0.1,0,0.0,0.0,0,0,0,0,0,0,0,0,0,0.00,0.00,0.00,0.0,a,100,,2026-08-06T16:00:10.997714Z,1609,827
197,Bassette,Norman Bassette,Coventry City,COV,FWD,4.5,0.0,0.0,0.0,0,0.0,0.0,0,0,0,0,0,0,0,0,0,0.00,0.00,0.00,0.0,u,0,Has joined KVC Westerlo on loan for the rest of the season,2026-07-28T12:58:50.001768Z,0,160
413,Bayindir,Altay Bayındır,Man Utd,MUN,GKP,4.5,0.0,0.0,0.0,0,0.0,0.0,0,0,0,0,0,0,0,0,0,0.00,0.00,0.00,0.0,u,0,Has joined Celta Vigo on loan for the rest of the season,2026-08-10T14:02:28.608415Z,0,44
590,Benda,Steven Benda,Nott'm Forest,NFO,GKP,4.5,0.0,0.0,0.1,0,0.0,0.0,0,0,0,0,0,0,0,0,0,0.00,0.00,0.00,0.0,a,,,,140,254
437,Bendito Mantato,Bendito Mantato,Man Utd,MUN,MID,4.4,-0.1,-0.1,0.2,0,0.0,0.0,0,0,0,0,0,0,0,0,0,0.00,0.00,0.00,0.0,a,,,,521,973
623,Bentley,Dan Bentley,Coventry City,COV,GKP,4.0,0.0,0.0,0.6,0,0.0,0.0,0,0,0,0,0,0,0,0,0,0.00,0.00,0.00,0.0,a,,,,9350,2671
386,Bettinelli,Marcus Bettinelli,Man City,MCI,GKP,4.5,0.0,0.0,0.0,0,0.0,0.0,0,0,0,0,0,0,0,0,0,0.00,0.00,0.00,0.0,a,,,,63,93
178,Bidwell,Jake Bidwell,Coventry City,COV,DEF,4.0,0.0,0.0,0.1,0,0.0,0.0,0,0,0,0,0,0,0,0,0,0.00,0.00,0.00,0.0,a,,,,200,333
479,Bindon,Tyler Bindon,Nott'm Forest,NFO,DEF,4.0,0.0,0.0,0.1,0,0.0,0.0,0,0,0,0,0,0,0,0,0,0.00,0.00,0.00,0.0,u,0,Has joined Charlton Athletic on loan for the rest of the season,2026-09-01T13:16:05.383880Z,0,591
191,Borges Rodrigues,Raphael Borges Rodrigues,Coventry City,COV,MID,4.5,0.0,0.0,0.1,0,0.0,0.0,0,0,0,0,0,0,0,0,0,0.00,0.00,0.00,0.0,u,0,Has joined Burton Albion on loan for the rest of the season,2026-09-02T15:44:14.868001Z,0,767
333,Bornauw,Sebastiaan Bornauw,Leeds,LEE,DEF,4.5,0.0,0.0,0.0,0,0.0,0.0,0,0,0,0,0,0,0,0,0,0.00,0.00,0.00,0.0,u,0,Has joined Hamburg SV on loan for the rest of the season,2026-08-19T13:56:14.645970Z,0,6
360,Bradley,Conor Bradley,Liverpool,LIV,DEF,5.0,0.0,0.0,0.0,0,0.0,0.0,0,0,0,0,0,0,0,0,0,0.00,0.00,0.00,0.0,i,0,Knee injury - Unknown return date,2026-07-23T12:01:23.565711Z,69,95
181,Brau,Miguel Brau,Coventry City,COV,DEF,4.0,0.0,0.0,0.0,0,0.0,0.0,0,0,0,0,0,0,0,0,0,0.00,0.00,0.00,0.0,u,0,Has joined Academico de Viseu on loan for the rest of the season,2026-08-29T00:35:59.980316Z,0,114
128,Buonanotte,Facundo Buonanotte,Brighton,BHA,MID,5.0,0.0,0.0,0.0,0,0.0,0.0,0,0,0,0,0,0,0,0,0,0.00,0.00,0.00,0.0,u,0,Has joined Elche on loan for the rest of the season,2026-08-10T14:03:07.561436Z,0,8
448,Burn,Dan Burn,Newcastle,NEW,DEF,4.8,-0.1,-0.2,0.7,0,0.0,0.0,0,0,0,0,0,0,0,0,0,0.00,0.00,0.00,0.0,i,0,Ankle injury - Expected back 12 Oct,2026-08-23T18:00:08.367241Z,129,6441
311,Burns,Wes Burns,Ipswich Town,IPS,MID,5.0,0.0,0.0,0.0,0,0.0,0.0,0,0,0,0,0,0,0,0,0,0.00,0.00,0.00,0.0,u,0,Has joined Leicester City permanently,2026-08-10T14:02:47.597478Z,0,9
50,Burrowes,Bradley Burrowes,Aston Villa,AVL,MID,4.5,0.0,0.0,0.6,0,0.0,0.0,0,0,0,0,0,0,0,0,0,0.00,0.00,0.00,0.0,a,,,,683,3673
299,Burstow,Mason Burstow,Hull City,HUL,FWD,4.5,0.0,0.0,0.0,0,0.0,0.0,0,0,0,0,0,0,0,0,0,0.00,0.00,0.00,0.0,u,0,Has joined Sheffield Wednesday on loan for the rest of the season,2026-08-03T14:05:20.234842Z,0,239
274,Butland,Jack Butland,Hull City,HUL,GKP,4.4,-0.1,-0.1,0.1,0,0.0,0.0,0,0,0,0,0,0,0,0,0,0.00,0.00,0.00,0.0,i,0,Arm injury - Unknown return date,2026-08-08T19:00:05.601633Z,74,348
302,Button,David Button,Ipswich Town,IPS,GKP,4.0,0.0,0.0,0.6,0,0.0,0.0,0,0,0,0,0,0,0,0,0,0.00,0.00,0.00,0.0,a,,,,1797,1513
509,Byfield,Jun'ai Byfield,Spurs,TOT,DEF,4.0,0.0,0.0,0.1,0,0.0,0.0,0,0,0,0,0,0,0,0,0,0.00,0.00,0.00,0.0,a,,,,135,265
373,C.Jones,Curtis Jones,Liverpool,LIV,MID,5.5,0.0,0.0,0.0,0,0.0,0.0,0,0,0,0,0,0,0,0,0,0.00,0.00,0.00,0.0,u,0,Has joined Internazionale permanently,2026-08-16T18:30:07.426408Z,0,69
266,Cairney,Tom Cairney,Fulham,FUL,MID,4.9,0.0,-0.1,0.0,0,0.0,0.0,0,0,0,0,0,0,0,0,0,0.00,0.00,0.00,0.0,i,0,Knee injury - Expected back 10 Oct,2026-08-14T18:00:06.460944Z,13,21
625,Cairns,Alex Cairns,Leeds,LEE,GKP,4.0,0.0,0.0,0.2,0,0.0,0.0,0,0,0,0,0,0,0,0,0,0.00,0.00,0.00,0.0,a,,,,928,851
220,Cardines,Rio Cardines,Crystal Palace,CRY,DEF,4.5,0.0,0.0,0.0,0,0.0,0.0,0,0,0,0,0,0,0,0,0,0.00,0.00,0.00,0.0,u,0,Has joined Bristol City on loan for the rest of the season,2026-08-12T14:08:46.501813Z,0,3
275,Cartwright,Harvey Cartwright,Hull City,HUL,GKP,4.0,0.0,0.0,0.0,0,0.0,0.0,0,0,0,0,0,0,0,0,0,0.00,0.00,0.00,0.0,u,0,Has joined Grimsby Town on loan for the rest of the season,2026-07-29T13:00:27.959925Z,0,31
143,Chalobah,Trevoh Chalobah,Chelsea,CHE,DEF,5.5,0.0,0.0,0.1,0,0.0,0.0,0,0,0,0,0,0,0,0,0,0.00,0.00,0.00,0.0,u,0,Has joined Como permanently,2026-08-10T14:03:50.769483Z,0,352
370,Chiesa,Federico Chiesa,Liverpool,LIV,MID,5.3,-0.1,-0.2,0.0,0,0.0,0.0,0,0,0,0,0,0,0,0,0,0.00,0.00,0.00,0.0,i,0,Back injury - Unknown return date,2026-08-27T13:30:07.598926Z,18,268
436,Collyer,Toby Collyer,Man Utd,MUN,MID,5.0,0.0,0.0,0.0,0,0.0,0.0,0,0,0,0,0,0,0,0,0,0.00,0.00,0.00,0.0,u,0,Has joined West Brom permanently,2026-09-01T13:16:48.584385Z,0,50
117,Coppola,Diego Coppola,Brighton,BHA,DEF,4.5,0.0,0.0,0.0,0,0.0,0.0,0,0,0,0,0,0,0,0,0,0.00,0.00,0.00,0.0,a,,,,121,105
624,Cozier-Duberry,Amario Cozier-Duberry,Brighton,BHA,MID,5.0,0.0,0.0,0.0,0,0.0,0.0,0,0,0,0,0,0,0,0,0,0.00,0.00,0.00,0.0,u,0,Has joined Middlesbrough on loan for the rest of the season,2026-09-02T15:38:15.552951Z,0,6
604,Cresswell,Alfie Cresswell,Leeds,LEE,MID,4.5,0.0,0.0,0.1,0,0.0,0.0,0,0,0,0,0,0,0,0,0,0.00,0.00,0.00,0.0,a,,,,332,952
163,D.Essugo,Dário Luís Essugo,Chelsea,CHE,MID,4.5,0.0,0.0,0.1,0,0.0,0.0,0,0,0,0,0,0,0,0,0,0.00,0.00,0.00,0.0,u,0,Has joined RC Strasbourg on loan for the rest of the season,2026-09-02T16:20:41.865225Z,0,792
382,Danns,Jayden Danns,Liverpool,LIV,FWD,4.5,0.0,0.0,0.2,0,0.0,0.0,0,0,0,0,0,0,0,0,0,0.00,0.00,0.00,0.0,a,100,,2026-07-23T12:01:23.659279Z,3866,2640
325,Darlow,Karl Darlow,Man Utd,MUN,GKP,4.5,0.0,0.0,0.0,0,0.0,0.0,0,0,0,0,0,0,0,0,0,0.00,0.00,0.00,0.0,d,75,Unspecified injury - 75% chance of playing,2026-09-21T13:30:08.885505Z,64,242
103,Dasilva,Josh Dasilva,Brentford,BRE,MID,4.9,0.0,-0.1,0.0,0,0.0,0.0,0,0,0,0,0,0,0,0,0,0.00,0.00,0.00,0.0,i,0,Hamstring injury - Expected back 10 Oct,2026-09-04T13:30:08.371955Z,10,113
355,Davies,Harvey Davies,Liverpool,LIV,GKP,4.0,0.0,0.0,0.2,0,0.0,0.0,0,0,0,0,0,0,0,0,0,0.00,0.00,0.00,0.0,a,,,,315,504
508,Davies,Ben Davies,Spurs,TOT,DEF,3.9,-0.1,-0.1,0.9,0,0.0,0.0,0,0,0,0,0,0,0,0,0,0.00,0.00,0.00,0.0,a,,,,8362,4473
610,De Fougerolles,Luc De Fougerolles,Fulham,FUL,DEF,4.0,0.0,0.0,0.1,0,0.0,0.0,0,0,0,0,0,0,0,0,0,0.00,0.00,0.00,0.0,u,0,has joined  Real Salt Lake on loan for the rest of the seaon.,2026-08-28T11:30:08.336405Z,0,531
416,De Ligt,Matthijs de Ligt,Man Utd,MUN,DEF,4.9,-0.1,-0.1,0.0,0,0.0,0.0,0,0,0,0,0,0,0,0,0,0.00,0.00,0.00,0.0,i,0,Back injury - Unknown return date,2026-07-23T12:01:23.690880Z,94,147
59,Dennis,Will Dennis,Bournemouth,BOU,GKP,4.0,0.0,0.0,0.1,0,0.0,0.0,0,0,0,0,0,0,0,0,0,0.00,0.00,0.00,0.0,u,0,Has joined MK Dons permanently,2026-08-27T14:53:48.692835Z,0,630
298,Destan,Enis Destan,Hull City,HUL,FWD,4.5,0.0,0.0,0.2,0,0.0,0.0,0,0,0,0,0,0,0,0,0,0.00,0.00,0.00,0.0,u,0,Has joined Konyaspor permanently,2026-08-17T13:50:27.145733Z,0,1526
215,Devenny,Justin Devenny,Crystal Palace,CRY,MID,5.0,0.0,0.0,0.0,0,0.0,0.0,0,0,0,0,0,0,0,0,0,0.00,0.00,0.00,0.0,u,0,Has joined Stoke City permanently,2026-09-02T15:41:07.346849Z,0,41
615,Di Gregorio,Michele Di Gregorio,Bournemouth,BOU,GKP,4.5,0.0,0.0,0.0,0,0.0,0.0,0,0,0,0,0,0,0,0,0,0.00,0.00,0.00,0.0,a,,,,202,205
62,Diakité,Bafodé Diakité,Bournemouth,BOU,DEF,4.9,-0.1,-0.1,0.2,0,0.0,0.0,0,0,0,0,0,0,0,0,0,0.00,0.00,0.00,0.0,a,,,,522,1044
30,Digne,Lucas Digne,Aston Villa,AVL,DEF,4.5,0.0,0.0,0.0,0,0.0,0.0,0,0,0,0,0,0,0,0,0,0.00,0.00,0.00,0.0,u,0,Has joined Paris Saint-Germain permanently,2026-08-10T14:03:30.089007Z,0,261
218,Doucouré,Cheick Doucouré,Crystal Palace,CRY,MID,4.8,-0.1,-0.2,0.0,0,0.0,0.0,0,0,0,0,0,0,0,0,0,0.00,0.00,0.00,0.0,a,,,,125,321
171,Dovin,Oliver Dovin,Coventry City,COV,GKP,4.0,0.0,0.0,1.0,0,0.0,0.0,0,0,0,0,0,0,0,0,0,0.00,0.00,0.00,0.0,u,0,Has joined Leyton Orient on loan for the rest of the season,2026-09-02T15:44:14.839336Z,0,5406
288,Dowell,Kieran Dowell,Hull City,HUL,MID,4.4,-0.1,-0.1,0.3,0,0.0,0.0,0,0,0,0,0,0,0,0,0,0.00,0.00,0.00,0.0,a,,,,662,2206
221,Drakes-Thomas,Joél Drakes-Thomas,Crystal Palace,CRY,MID,4.4,-0.1,-0.1,0.1,0,0.0,0.0,0,0,0,0,0,0,0,0,0,0.00,0.00,0.00,0.0,a,,,,164,465
497,Dubravka,Martin Dubravka,Spurs,TOT,GKP,4.0,0.0,0.0,17.1,0,0.0,0.0,0,0,0,0,0,0,0,0,0,0.00,0.00,0.00,0.0,a,,,,31926,54780
187,Eccles,Josh Eccles,Coventry City,COV,MID,4.8,-0.1,-0.2,0.0,0,0.0,0.0,0,0,0,0,0,0,0,0,0,0.00,0.00,0.00,0.0,i,0,Unspecified injury - Expected back 12 Oct,2026-09-10T18:30:08.877110Z,26,103
407,Echeverri,Claudio Echeverri,Man City,MCI,MID,4.9,0.0,-0.1,0.0,0,0.0,0.0,0,0,0,0,0,0,0,0,0,0.00,0.00,0.00,0.0,u,0,Has joined Benfica on loan for the rest of the season,2026-09-03T15:41:24.710479Z,0,59
380,Ekitiké,Hugo Ekitiké,Liverpool,LIV,FWD,7.4,0.0,-0.1,0.1,0,0.0,0.0,0,0,0,0,0,0,0,0,0,0.00,0.00,0.00,0.0,i,0,Achilles injury - Unknown return date,2026-07-23T12:01:23.643771Z,440,919
531,Ellborg,Melker Ellborg,Sunderland,SUN,GKP,4.4,-0.1,-0.1,0.1,0,0.0,0.0,0,0,0,0,0,0,0,0,0,0.00,0.00,0.00,0.0,a,,,,154,287
383,Elliott,Harvey Elliott,Liverpool,LIV,MID,5.4,0.0,-0.1,0.0,0,0.0,0.0,0,0,0,0,0,0,0,0,0,0.00,0.00,0.00,0.0,u,0,Has joined Valencia on loan for the rest of the season,2026-09-02T16:05:49.104326Z,0,250
170,Emegha,Emmanuel Emegha,Chelsea,CHE,FWD,4.9,-0.1,-0.1,0.1,0,0.0,0.0,0,0,0,0,0,0,0,0,0,0.00,0.00,0.00,0.0,i,0,Hamstring injury - Expected back 10 Oct,2026-09-09T15:00:09.063849Z,100,1177
374,Endo,Endo Wataru,Liverpool,LIV,MID,4.9,0.0,-0.1,0.1,0,0.0,0.0,0,0,0,0,0,0,0,0,0,0.00,0.00,0.00,0.0,a,100,,2026-07-23T12:01:23.612529Z,176,475
80,Enes Ünal,Enes Ünal,Bournemouth,BOU,FWD,5.5,0.0,0.0,0.0,0,0.0,0.0,0,0,0,0,0,0,0,0,0,0.00,0.00,0.00,0.0,u,0,Has joined Getafe permanently,2026-08-14T14:14:21.881112Z,0,58
216,Esse,Romain Esse,Crystal Palace,CRY,MID,5.0,0.0,0.0,0.0,0,0.0,0.0,0,0,0,0,0,0,0,0,0,0.00,0.00,0.00,0.0,u,0,Has joined Millwall on loan for the rest of the season,2026-09-02T15:41:07.376544Z,0,141
139,Ferguson,Evan Ferguson,Brighton,BHA,FWD,5.0,0.0,0.0,0.0,0,0.0,0.0,0,0,0,0,0,0,0,0,0,0.00,0.00,0.00,0.0,i,0,Ankle injury - Expected back 10 Oct,2026-07-23T12:01:23.448357Z,157,280
438,Fletcher,Tyler Fletcher,Man Utd,MUN,MID,4.4,0.0,-0.1,0.3,0,0.0,0.0,0,0,0,0,0,0,0,0,0,0.00,0.00,0.00,0.0,a,,,,2691,2317
58,Forster,Fraser Forster,Bournemouth,BOU,GKP,4.0,0.0,0.0,3.5,0,0.0,0.0,0,0,0,0,0,0,0,0,0,0.00,0.00,0.00,0.0,a,,,,9309,8294
660,Fredrick,Benjamin Fredrick,Brentford,BRE,DEF,4.0,0.0,0.0,0.0,0,0.0,0.0,0,0,0,0,0,0,0,0,0,0.00,0.00,0.00,1.1,a,,,,570,74
425,Fredricson,Tyler Fredricson,Man Utd,MUN,DEF,4.0,0.0,0.0,0.0,0,0.0,0.0,0,0,0,0,0,0,0,0,0,0.00,0.00,0.00,0.0,u,0,Has joined Lausanne-Sport permanently,2026-08-18T14:12:31.904433Z,0,55
107,Furo,Kaye Furo,Brentford,BRE,FWD,4.5,0.0,0.0,0.9,0,0.0,0.0,0,0,0,0,0,0,0,0,0,0.00,0.00,0.00,0.0,i,0,Unspecified injury - Unknown return date,2026-09-14T14:00:09.985723Z,992,10405
23,Fábio Vieira,Fábio Ferreira Vieira,Arsenal,ARS,MID,5.5,0.0,0.0,0.0,0,0.0,0.0,0,0,0,0,0,0,0,0,0,0.00,0.00,0.00,0.0,u,0,Has joined Hamburger SV permanently,2026-09-02T16:00:28.446370Z,0,44
27,G.Jesus,Gabriel Fernando de Jesus,Arsenal,ARS,FWD,5.9,0.0,-0.1,0.1,0,0.0,0.0,0,0,0,0,0,0,0,0,0,0.00,0.00,0.00,0.0,u,0,Has joined FC Barcelona permanently,2026-09-02T16:00:28.475184Z,0,1111
655,Gboho,Yann Gboho,Coventry City,COV,MID,5.5,0.0,0.0,0.0,0,0.0,0.0,0,0,0,0,0,0,0,0,0,0.00,0.00,0.00,0.0,a,,,,81,55
443,Gillespie,Mark Gillespie,Newcastle,NEW,GKP,4.5,0.0,0.0,0.0,0,0.0,0.0,0,0,0,0,0,0,0,0,0,0.00,0.00,0.00,0.0,a,,,,48,94
158,Gittens,Jamie Bynoe-Gittens,Chelsea,CHE,MID,5.8,-0.1,-0.2,0.0,0,0.0,0.0,0,0,0,0,0,0,0,0,0,0.00,0.00,0.00,0.0,d,75,Ankle injury - 75% chance of playing,2026-09-26T05:30:09.245832Z,160,275
341,Gnonto,Wilfried Gnonto,Leeds,LEE,MID,5.0,0.0,0.0,0.0,0,0.0,0.0,0,0,0,0,0,0,0,0,0,0.00,0.00,0.00,0.0,u,0,Has joined ACF Fiorentina on loan for the rest of the season,2026-09-02T16:04:47.189648Z,0,61
359,Gomez,Joe Gomez,Liverpool,LIV,DEF,4.9,0.0,-0.1,0.0,0,0.0,0.0,0,0,0,0,0,0,0,0,0,0.00,0.00,0.00,0.0,a,100,,2026-07-26T08:30:10.078473Z,363,127
618,Goretzka,Leon Goretzka,Aston Villa,AVL,MID,5.9,0.0,-0.1,0.0,0,0.0,0.0,0,0,0,0,0,0,0,0,0,0.00,0.00,0.00,0.0,i,0,Knee injury - Expected back 10 Oct,2026-09-09T09:30:08.229436Z,28,436
654,Graham,Braiden Graham,Everton,EVE,MID,4.5,0.0,0.0,0.1,0,0.0,0.0,0,0,0,0,0,0,0,0,0,0.00,0.00,0.00,0.0,a,,,,254,1064
344,Gruev,Ilia Gruev,Leeds,LEE,MID,5.0,0.0,0.0,0.0,0,0.0,0.0,0,0,0,0,0,0,0,0,0,0.00,0.00,0.00,0.0,a,100,,2026-08-14T23:00:06.272027Z,51,23
297,Gyabi,Darko Gyabi,Hull City,HUL,MID,4.4,-0.1,-0.1,0.0,0,0.0,0.0,0,0,0,0,0,0,0,0,0,0.00,0.00,0.00,0.0,i,0,Thigh injury - Unknown return date,2026-08-04T18:30:11.027155Z,71,160
614,Hadjam,Jaouen Hadjam,Brighton,BHA,DEF,4.5,0.0,0.0,0.0,0,0.0,0.0,0,0,0,0,0,0,0,0,0,0.00,0.00,0.00,0.0,a,,,,262,266
342,Harrison,Jack Harrison,Leeds,LEE,MID,5.0,0.0,0.0,0.0,0,0.0,0.0,0,0,0,0,0,0,0,0,0,0.00,0.00,0.00,0.0,u,0,Has joined New England Revolution permanently,2026-07-28T12:59:09.492431Z,0,5
630,Harwood-Bellis,Taylor Harwood-Bellis,Aston Villa,AVL,DEF,4.5,0.0,0.0,0.0,0,0.0,0.0,0,0,0,0,0,0,0,0,0,0.00,0.00,0.00,0.0,a,,,,220,209
414,Heaton,Tom Heaton,Man Utd,MUN,GKP,4.0,0.0,0.0,0.1,0,0.0,0.0,0,0,0,0,0,0,0,0,0,0.00,0.00,0.00,0.0,i,0,Hamstring injury - Unknown return date,2026-08-15T16:00:07.854151Z,235,311
317,Hirst,George Hirst,Ipswich Town,IPS,FWD,5.0,0.0,0.0,0.1,0,0.0,0.0,0,0,0,0,0,0,0,0,0,0.00,0.00,0.00,0.0,u,0,Has joined Stoke City permanently,2026-08-21T13:06:08.606019Z,0,536
538,Hjelde,Leo Fuhr Hjelde,Sunderland,SUN,DEF,4.0,0.0,0.0,0.0,0,0.0,0.0,0,0,0,0,0,0,0,0,0,0.00,0.00,0.00,0.0,u,0,Has joined KV Mechelen on loan for the rest of the season,2026-08-12T14:08:03.081789Z,0,172
132,Howell,Harry Howell,Brighton,BHA,MID,4.5,0.0,0.0,0.0,0,0.0,0.0,0,0,0,0,0,0,0,0,0,0.00,0.00,0.00,0.0,u,0,Has joined Leicester City on loan for the rest of the season,2026-08-17T13:53:19.019938Z,0,233
278,Hughes,Charlie Hughes,Hull City,HUL,DEF,3.9,0.0,-0.1,0.2,0,0.0,0.0,0,0,0,0,0,0,0,0,0,0.00,0.00,0.00,0.0,i,0,Groin injury - Unknown return date,2026-08-02T09:00:11.030017Z,1222,2124
602,Humphreys,Cameron Humphreys,Ipswich Town,IPS,MID,4.5,0.0,0.0,0.0,0,0.0,0.0,0,0,0,0,0,0,0,0,0,0.00,0.00,0.00,0.0,u,0,Has joined Huddersfield Town on loan for the rest of the season,2026-09-02T16:04:17.524642Z,0,256
484,Hutchinson,Omari Hutchinson,Nott'm Forest,NFO,MID,5.4,0.0,-0.1,0.1,0,0.0,0.0,0,0,0,0,0,0,0,0,0,0.00,0.00,0.00,0.0,u,0,Has joined AC Milan on loan for the rest of the season,2026-09-01T13:23:52.340206Z,0,408
658,Ibrahim,Younes Ibrahim,Brighton,BHA,MID,4.5,0.0,0.0,0.0,0,0.0,0.0,0,0,0,0,0,0,0,0,0,0.00,0.00,0.00,0.0,a,,,,327,224
118,Igor,Igor Julio dos Santos de Paulo,Brighton,BHA,DEF,4.5,0.0,0.0,0.0,0,0.0,0.0,0,0,0,0,0,0,0,0,0,0.00,0.00,0.00,0.0,u,0,Has joined Burnley permanently,2026-09-02T15:38:15.529699Z,0,323
49,Iling Jr,Samuel Iling-Junior,Aston Villa,AVL,MID,5.0,0.0,0.0,0.0,0,0.0,0.0,0,0,0,0,0,0,0,0,0,0.00,0.00,0.00,0.0,u,0,Has joined Bolton Wanderers on loan for the rest of the season,2026-08-17T13:52:28.532616Z,0,12
651,J.Angulo,Juan Angulo,Sunderland,SUN,FWD,4.5,0.0,0.0,0.7,0,0.0,0.0,0,0,0,0,0,0,0,0,0,0.00,0.00,0.00,0.0,a,,,,9831,7865
65,J.Araujo,Julián Araujo Zúñiga,Bournemouth,BOU,DEF,4.4,0.0,-0.1,0.0,0,0.0,0.0,0,0,0,0,0,0,0,0,0,0.00,0.00,0.00,0.0,i,0,Thigh injury - Unknown return date,2026-08-09T08:00:05.645826Z,46,63
434,J.Fletcher,Jack Fletcher,Man Utd,MUN,MID,4.9,0.0,-0.1,0.0,0,0.0,0.0,0,0,0,0,0,0,0,0,0,0.00,0.00,0.00,0.0,a,,,,49,60
219,J.Rak-Sakyi,Jesurun Rak-Sakyi,Crystal Palace,CRY,MID,4.9,0.0,-0.1,0.0,0,0.0,0.0,0,0,0,0,0,0,0,0,0,0.00,0.00,0.00,0.0,u,0,has joined  Kasimpasa on loan for the rest of the seaon.,2026-09-10T09:12:47.224598Z,0,31
283,Jacob,Matty Jacob,Hull City,HUL,DEF,4.0,0.0,0.0,0.0,0,0.0,0.0,0,0,0,0,0,0,0,0,0,0.00,0.00,0.00,0.0,u,0,Has joined Newport County on loan until January,2026-08-02T09:00:11.038361Z,0,39
444,Jaouen,Ewen Jaouen,Newcastle,NEW,GKP,4.4,-0.1,-0.1,0.0,0,0.0,0.0,0,0,0,0,0,0,0,0,0,0.00,0.00,0.00,0.0,i,0,Hamstring injury - Unknown return date,2026-09-10T16:00:09.127466Z,21,138
354,Jaros,Vitezslav Jaros,Liverpool,LIV,GKP,4.0,0.0,0.0,0.0,0,0.0,0.0,0,0,0,0,0,0,0,0,0,0.00,0.00,0.00,0.0,i,0,Knee injury - Unknown return date,2026-07-29T18:00:10.351066Z,227,174
92,Ji-soo,Kim Ji-soo,Brentford,BRE,DEF,4.4,-0.1,-0.1,0.0,0,0.0,0.0,0,0,0,0,0,0,0,0,0,0.00,0.00,0.00,0.0,a,,,,66,93
550,Jocelin.T,Djiamgone Jocelin Ta Bi,Sunderland,SUN,MID,5.0,0.0,0.0,0.0,0,0.0,0.0,0,0,0,0,0,0,0,0,0,0.00,0.00,0.00,0.0,a,,,,46,46
458,Joelinton,Joelinton Cássio Apolinário de Lira,Newcastle,NEW,MID,5.4,0.0,-0.1,0.0,0,0.0,0.0,0,0,0,0,0,0,0,0,0,0.00,0.00,0.00,0.0,i,0,Unspecified injury - Unknown return date,2026-08-16T08:00:08.074045Z,21,92
468,John,John Victor Maciel Furtado,Nott'm Forest,NFO,GKP,4.5,0.0,0.0,0.1,0,0.0,0.0,0,0,0,0,0,0,0,0,0,0.00,0.00,0.00,0.0,a,,,,68,167
307,Johnson,Ben Johnson,Ipswich Town,IPS,DEF,4.0,0.0,0.0,0.1,0,0.0,0.0,0,0,0,0,0,0,0,0,0,0.00,0.00,0.00,0.0,u,0,Has joined Stoke City on loan for the rest of the season,2026-09-04T12:36:56.236331Z,0,406
141,Jörgensen,Filip Jörgensen,Chelsea,CHE,GKP,5.0,0.0,0.0,0.0,0,0.0,0.0,0,0,0,0,0,0,0,0,0,0.00,0.00,0.00,0.0,u,0,Has joined RC Strasbourg on loan for the rest of the season,2026-08-12T14:07:02.607115Z,0,34
293,Kamara,Abu Kamara,Hull City,HUL,MID,5.0,0.0,0.0,0.0,0,0.0,0.0,0,0,0,0,0,0,0,0,0,0.00,0.00,0.00,0.0,u,0,Has joined Portsmouth permanently,2026-08-12T14:08:23.542043Z,0,14
231,Keane,Michael Keane,Everton,EVE,DEF,4.8,0.0,-0.2,0.7,0,0.0,0.0,0,0,0,0,0,0,0,0,0,0.00,0.00,0.00,0.0,a,,,,466,4209
177,Kesler-Hayden,Kaine Kesler-Hayden,Coventry City,COV,DEF,3.9,-0.1,-0.1,0.1,0,0.0,0.0,0,0,0,0,0,0,0,0,0,0.00,0.00,0.00,0.0,i,0,Hamstring injury - Unknown return date,2026-08-27T14:56:28.704361Z,4051,1028
228,King,Tom King,Everton,EVE,GKP,4.5,0.0,0.0,0.0,0,0.0,0.0,0,0,0,0,0,0,0,0,0,0.00,0.00,0.00,0.0,a,,,,125,188
303,Kipré,Cédric Kipré,Ipswich Town,IPS,DEF,3.9,0.0,-0.1,0.9,0,0.0,0.0,0,0,0,0,0,0,0,0,0,0.00,0.00,0.00,0.0,a,,,,5040,4871
174,Kitching,Liam Kitching,Coventry City,COV,DEF,4.0,0.0,0.0,0.3,0,0.0,0.0,0,0,0,0,0,0,0,0,0,0.00,0.00,0.00,0.0,u,0,Has joined Sheffield United on loan for the rest of the season,2026-09-02T16:21:03.612394Z,0,2075
78,Kroupi.Jr,Junior Kroupi,Bournemouth,BOU,MID,7.4,0.0,-0.1,0.2,0,0.0,0.0,0,0,0,0,0,0,0,0,0,0.00,0.00,0.00,0.0,i,0,Foot injury - Expected back 7 Nov,2026-07-29T17:30:09.796802Z,225,976
521,Kulusevski,Dejan Kulusevski,Spurs,TOT,MID,6.5,0.0,0.0,0.0,0,0.0,0.0,0,0,0,0,0,0,0,0,0,0.00,0.00,0.00,0.0,i,0,Knee injury - Unknown return date,2026-07-23T12:01:23.895175Z,113,83
272,Kusi-Asare,Jonah Kusi-Asare,Fulham,FUL,FWD,4.5,0.0,0.0,5.4,0,0.0,0.0,0,0,0,0,0,0,0,0,0,0.00,0.00,0.00,0.0,a,,,,12310,36917
251,Lecomte,Benjamin Lecomte,Fulham,FUL,GKP,4.0,0.0,0.0,1.1,0,0.0,0.0,0,0,0,0,0,0,0,0,0,0.00,0.00,0.00,0.0,a,,,,2920,2928
363,Leoni,Giovanni Leoni,Liverpool,LIV,DEF,4.0,0.0,0.0,0.0,0,0.0,0.0,0,0,0,0,0,0,0,0,0,0.00,0.00,0.00,0.0,i,0,Knee injury - Unknown return date,2026-07-23T12:01:23.596909Z,74,198
603,Lienou,Jayden Lienou,Leeds,LEE,DEF,4.0,0.0,0.0,0.1,0,0.0,0.0,0,0,0,0,0,0,0,0,0,0.00,0.00,0.00,0.0,a,,,,261,550
276,Lo-Tutala,Thimothée Lo-Tutala,Hull City,HUL,GKP,4.0,0.0,0.0,0.0,0,0.0,0.0,0,0,0,0,0,0,0,0,0,0.00,0.00,0.00,0.0,u,0,Has joined Colchester United on loan for the rest of the season,2026-08-17T13:50:27.125537Z,0,125
361,Lucky,Wellity Lucky,Liverpool,LIV,DEF,4.0,0.0,0.0,0.1,0,0.0,0.0,0,0,0,0,0,0,0,0,0,0.00,0.00,0.00,0.0,a,,,,319,628
607,Lynch,Luka Lynch,Aston Villa,AVL,MID,4.5,0.0,0.0,0.1,0,0.0,0.0,0,0,0,0,0,0,0,0,0,0.00,0.00,0.00,0.0,u,0,Has joined Oxford United on loan until January,2026-09-04T12:35:39.820426Z,0,752
217,M.França,Matheus França de Oliveira,Crystal Palace,CRY,MID,4.9,0.0,-0.1,0.0,0,0.0,0.0,0,0,0,0,0,0,0,0,0,0.00,0.00,0.00,0.0,u,0,Has joined Alverca on loan for the rest of the season,2026-09-11T14:42:19.322912Z,0,171
150,M.Sarr,Mamadou Sarr,Chelsea,CHE,DEF,4.5,0.0,0.0,0.0,0,0.0,0.0,0,0,0,0,0,0,0,0,0,0.00,0.00,0.00,0.0,u,0,Has joined Real Sociedad on loan for the rest of the season,2026-08-29T00:34:23.077418Z,0,188
582,Madjo,Brian Madjo,Aston Villa,AVL,FWD,5.4,0.0,-0.1,0.2,0,0.0,0.0,0,0,0,0,0,0,0,0,0,0.00,0.00,0.00,0.0,i,0,Unspecified injury - Unknown return date,2026-08-15T16:00:07.974271Z,315,1990
351,Mamardashvili,Giorgi Mamardashvili,Liverpool,LIV,GKP,4.8,-0.1,-0.2,0.1,0,0.0,0.0,0,0,0,0,0,0,0,0,0,0.00,0.00,0.00,0.0,a,,,,279,676
168,Marc Guiu,Marc Guiu Paz,Chelsea,CHE,FWD,5.0,0.0,0.0,0.2,0,0.0,0.0,0,0,0,0,0,0,0,0,0,0.00,0.00,0.00,0.0,u,0,Has joined RB Leipzig permanently,2026-09-01T13:24:48.857362Z,0,1703
196,Markelo,Jahnoah Markelo,Coventry City,COV,FWD,5.0,0.0,0.0,0.0,0,0.0,0.0,0,0,0,0,0,0,0,0,0,0.00,0.00,0.00,0.0,u,0,Has joined Shabab Al-Ahli Dubai permanently,2026-08-17T13:53:55.791223Z,0,65
18,Martinelli,Gabriel Martinelli Silva,Arsenal,ARS,MID,6.3,0.0,-0.2,0.1,0,0.0,0.0,0,0,0,0,0,0,0,0,0,0.00,0.00,0.00,0.0,u,0,Has joined Al Hilal permanently,2026-09-04T12:34:46.738449Z,0,631
540,Masuaku,Arthur Masuaku,Sunderland,SUN,DEF,4.0,0.0,0.0,0.1,0,0.0,0.0,0,0,0,0,0,0,0,0,0,0.00,0.00,0.00,0.0,u,0,Has joined Konyaspor permanently,2026-08-12T14:08:03.097784Z,0,700
291,Matazo,Eliot Matazo,Hull City,HUL,MID,4.5,0.0,0.0,0.0,0,0.0,0.0,0,0,0,0,0,0,0,0,0,0.00,0.00,0.00,0.0,i,0,Knee injury - Unknown return date,2026-07-23T12:01:23.532635Z,34,66
349,Mateo Joseph,Mateo Joseph Fernández-Regatillo,Leeds,LEE,FWD,4.5,0.0,0.0,0.1,0,0.0,0.0,0,0,0,0,0,0,0,0,0,0.00,0.00,0.00,0.0,i,0,Knee injury - Unknown return date,2026-07-29T18:00:10.338170Z,360,533
555,Matthews,Remi Matthews,Crystal Palace,CRY,GKP,4.0,0.0,0.0,1.7,0,0.0,0.0,0,0,0,0,0,0,0,0,0,0.00,0.00,0.00,0.0,a,,,,1254,3295
310,Matusiwa,Azor Matusiwa,Ipswich Town,IPS,MID,4.9,0.0,-0.1,0.0,0,0.0,0.0,0,0,0,0,0,0,0,0,0,0.00,0.00,0.00,0.0,a,100,,2026-07-29T18:00:10.305484Z,17,20
284,McCarthy,Cathal McCarthy,Hull City,HUL,DEF,4.0,0.0,0.0,0.1,0,0.0,0.0,0,0,0,0,0,0,0,0,0,0.00,0.00,0.00,0.0,a,,,,430,486
378,McConnell,James McConnell,Liverpool,LIV,MID,4.4,0.0,-0.1,0.2,0,0.0,0.0,0,0,0,0,0,0,0,0,0,0.00,0.00,0.00,0.0,a,,,,1113,1639
252,McNally,Alfie McNally,Fulham,FUL,GKP,4.0,0.0,0.0,0.1,0,0.0,0.0,0,0,0,0,0,0,0,0,0,0.00,0.00,0.00,0.0,u,0,Has joined York City on loan for the rest of the season,2026-09-01T13:25:11.231240Z,0,673
324,Mehmeti,Anis Mehmeti,Ipswich Town,IPS,MID,4.8,-0.1,-0.2,0.0,0,0.0,0.0,0,0,0,0,0,0,0,0,0,0.00,0.00,0.00,0.0,a,,,,81,165
3,Meslier,Illan Meslier,Arsenal,ARS,GKP,4.9,0.0,-0.1,0.0,0,0.0,0.0,0,0,0,0,0,0,0,0,0,0.00,0.00,0.00,0.0,a,,,,50,130
169,Mheuka,Shumaira Mheuka,Chelsea,CHE,FWD,4.5,0.0,0.0,0.5,0,0.0,0.0,0,0,0,0,0,0,0,0,0,0.00,0.00,0.00,0.0,a,,,,4961,3838
99,Milambo,Antoni Milambo,Brentford,BRE,MID,5.0,0.0,0.0,0.0,0,0.0,0.0,0,0,0,0,0,0,0,0,0,0.00,0.00,0.00,0.0,i,0,Knee injury - Unknown return date,2026-07-23T12:01:23.384798Z,8,8
659,Miley,Mason Miley,Newcastle,NEW,MID,4.5,0.0,0.0,0.0,0,0.0,0.0,0,0,0,0,0,0,0,0,0,0.00,0.00,0.00,0.0,a,,,,1521,686
665,Mills,Michael Mills,Newcastle,NEW,MID,4.5,0.0,0.0,0.0,0,0.0,0.0,0,0,0,0,0,0,0,0,0,0.00,0.00,0.00,1.1,a,,,,174,34
63,Milosavljević,Veljko Milosavljevic,Bournemouth,BOU,DEF,4.9,0.0,-0.1,0.0,0,0.0,0.0,0,0,0,0,0,0,0,0,0,0.00,0.00,0.00,0.0,i,0,Thigh injury - Unknown return date,2026-08-06T10:00:10.456051Z,40,54
122,Minteh,Yankuba Minteh,Brighton,BHA,MID,5.8,-0.1,-0.2,0.0,0,0.0,0.0,0,0,0,0,0,0,0,0,0,0.00,0.00,0.00,0.0,i,0,Leg injury - Expected back 28 Nov,2026-08-14T18:00:06.418033Z,48,246
121,Mitoma,Mitoma Kaoru,Brighton,BHA,MID,5.9,0.0,-0.1,0.0,0,0.0,0.0,0,0,0,0,0,0,0,0,0,0.00,0.00,0.00,0.0,i,0,Hamstring injury - Expected back 10 Oct,2026-07-24T18:30:10.661894Z,147,190
410,Monga,Jeremy Monga,Man City,MCI,MID,4.9,0.0,-0.1,0.0,0,0.0,0.0,0,0,0,0,0,0,0,0,0,0.00,0.00,0.00,0.0,u,0,Has joined Swansea City on loan for the rest of the season,2026-09-02T16:02:01.136760Z,0,59
470,Morato,Felipe Rodrigues da Silva,Nott'm Forest,NFO,DEF,5.0,0.0,0.0,0.0,0,0.0,0.0,0,0,0,0,0,0,0,0,0,0.00,0.00,0.00,0.0,u,0,Has joined West Ham on loan for the rest of the season,2026-09-02T16:19:54.503286Z,0,131
645,Mouzakitis,Christos Mouzakitis,Hull City,HUL,MID,5.0,0.0,0.0,0.0,0,0.0,0.0,0,0,0,0,0,0,0,0,0,0.00,0.00,0.00,0.0,a,,,,101,95
409,Mukasa,Divine Mukasa,Man City,MCI,MID,4.5,0.0,0.0,0.1,0,0.0,0.0,0,0,0,0,0,0,0,0,0,0.00,0.00,0.00,0.0,u,0,has joined West Ham on loan for the rest of the seaon.,2026-09-03T10:34:10.733520Z,0,672
466,Neave,Sean Neave,Newcastle,NEW,FWD,4.5,0.0,0.0,0.5,0,0.0,0.0,0,0,0,0,0,0,0,0,0,0.00,0.00,0.00,0.0,u,0,Has joined Wolves on loan for the rest of the season,2026-09-04T12:37:43.515176Z,0,4245
39,Nedeljkovic,Kosta Nedeljkovic,Aston Villa,AVL,DEF,4.0,0.0,0.0,0.1,0,0.0,0.0,0,0,0,0,0,0,0,0,0,0.00,0.00,0.00,0.0,u,0,Has joined Rangers on loan for the rest of the season,2026-08-19T13:56:46.385411Z,0,622
24,Nelson,Reiss Nelson,Arsenal,ARS,MID,5.5,0.0,0.0,0.0,0,0.0,0.0,0,0,0,0,0,0,0,0,0,0.00,0.00,0.00,0.0,u,0,has departed the club as a free agent.,2026-08-29T00:33:08.556767Z,0,24
657,Nunes,Gustavo Nunes Fernandes Gomes,Brentford,BRE,MID,4.5,0.0,0.0,0.0,0,0.0,0.0,0,0,0,0,0,0,0,0,0,0.00,0.00,0.00,0.0,a,,,,380,289
22,Nwaneri,Ethan Nwaneri,Arsenal,ARS,MID,5.4,0.0,-0.1,0.0,0,0.0,0.0,0,0,0,0,0,0,0,0,0,0.00,0.00,0.00,0.0,u,0,Has joined Borussia Dortmund on loan for the rest of the season,2026-09-02T16:01:07.058827Z,0,58
21,Nørgaard,Christian Nørgaard,Everton,EVE,MID,4.8,-0.1,-0.2,0.0,0,0.0,0.0,0,0,0,0,0,0,0,0,0,0.00,0.00,0.00,0.0,i,0,Groin injury - Unknown return date,2026-08-15T20:00:06.779594Z,66,374
476,O.Richards,Omar Richards,Nott'm Forest,NFO,DEF,4.0,0.0,0.0,0.2,0,0.0,0.0,0,0,0,0,0,0,0,0,0,0.00,0.00,0.00,0.0,a,,,,336,809
441,Obi,Chido Obi,Man Utd,MUN,FWD,4.5,0.0,0.0,0.9,0,0.0,0.0,0,0,0,0,0,0,0,0,0,0.00,0.00,0.00,0.0,u,0,Has joined Willem II on loan for the rest of the season,2026-09-14T16:12:42.090874Z,0,12156
517,Odobert,Wilson Odobert,Spurs,TOT,MID,5.5,0.0,0.0,0.0,0,0.0,0.0,0,0,0,0,0,0,0,0,0,0.00,0.00,0.00,0.0,i,0,Knee injury - Unknown return date,2026-07-23T12:01:23.879434Z,33,15
314,Ogbene,Chiedozie Ogbene,Ipswich Town,IPS,MID,4.9,0.0,-0.1,0.0,0,0.0,0.0,0,0,0,0,0,0,0,0,0,0.00,0.00,0.00,0.0,u,0,Has joined Lincoln City on loan until January,2026-09-02T16:04:17.497385Z,0,69
524,Olusesi,Callum Olusesi,Spurs,TOT,MID,4.4,0.0,-0.1,1.0,0,0.0,0.0,0,0,0,0,0,0,0,0,0,0.00,0.00,0.00,0.0,a,,,,6271,8149
48,Onana,Amadou Onana,Aston Villa,AVL,MID,4.9,0.0,-0.1,0.0,0,0.0,0.0,0,0,0,0,0,0,0,0,0,0.00,0.00,0.00,0.0,i,0,Knee injury - Unknown return date,2026-07-23T12:01:23.352497Z,52,104
134,Oriola,Nehemiah Oriola,Brighton,BHA,MID,4.5,0.0,0.0,0.2,0,0.0,0.0,0,0,0,0,0,0,0,0,0,0.00,0.00,0.00,0.0,a,,,,382,1457
518,P.M.Sarr,Pape Matar Sarr,Spurs,TOT,MID,4.9,0.0,-0.1,0.1,0,0.0,0.0,0,0,0,0,0,0,0,0,0,0.00,0.00,0.00,0.0,u,0,Has joined Juventus on loan for the rest of the season,2026-09-02T16:02:43.386849Z,0,743
152,Palestra,Marco Palestra,Chelsea,CHE,DEF,5.3,0.0,-0.2,0.6,0,0.0,0.0,0,0,0,0,0,0,0,0,0,0.00,0.00,0.00,0.0,d,50,Thigh injury - 50% chance of playing,2026-08-24T18:30:07.421239Z,303,4415
301,Palmer,Alex Palmer,Ipswich Town,IPS,GKP,4.0,0.0,0.0,3.9,0,0.0,0.0,0,0,0,0,0,0,0,0,0,0.00,0.00,0.00,0.0,a,,,,4615,13484
234,Patterson,Nathan Patterson,Everton,EVE,DEF,4.5,0.0,0.0,0.0,0,0.0,0.0,0,0,0,0,0,0,0,0,0,0.00,0.00,0.00,0.0,u,0,Has joined Torino permanently,2026-09-02T16:05:23.326971Z,0,140
530,Patterson,Anthony Patterson,Sunderland,SUN,GKP,4.0,0.0,0.0,0.1,0,0.0,0.0,0,0,0,0,0,0,0,0,0,0.00,0.00,0.00,0.0,u,0,Has joined Wrexham permanently,2026-08-12T14:08:03.064533Z,0,395
353,Pecsi,Armin Pecsi,Liverpool,LIV,GKP,4.0,0.0,0.0,0.0,0,0.0,0.0,0,0,0,0,0,0,0,0,0,0.00,0.00,0.00,0.0,u,0,Has joined TSV Hartberg on loan for the rest of the season,2026-08-18T14:11:18.638344Z,0,70
560,Penders,Mike Penders,Chelsea,CHE,GKP,4.4,0.0,-0.1,0.1,0,0.0,0.0,0,0,0,0,0,0,0,0,0,0.00,0.00,0.00,0.0,a,,,,257,329
326,Perri,Lucas Estella Perri,Leeds,LEE,GKP,4.5,0.0,0.0,0.3,0,0.0,0.0,0,0,0,0,0,0,0,0,0,0.00,0.00,0.00,0.0,u,0,Has joined Torino on loan for the rest of the season,2026-09-01T13:12:39.210133Z,0,1438
273,Phillips,Dillon Phillips,Hull City,HUL,GKP,4.0,0.0,0.0,1.4,0,0.0,0.0,0,0,0,0,0,0,0,0,0,0.00,0.00,0.00,0.0,a,,,,3403,4069
408,Phillips,Kalvin Phillips,Man City,MCI,MID,5.0,0.0,0.0,0.0,0,0.0,0.0,0,0,0,0,0,0,0,0,0,0.00,0.00,0.00,0.0,u,0,Has joined Sheffield United on loan for the rest of the season,2026-08-18T14:11:56.348781Z,0,15
507,Phillips,Ashley Phillips,Spurs,TOT,DEF,4.5,0.0,0.0,0.0,0,0.0,0.0,0,0,0,0,0,0,0,0,0,0.00,0.00,0.00,0.0,u,0,Has joined Middlesbrough permanently,2026-08-18T14:13:08.474144Z,0,59
348,Piroe,Joël Piroe,Leeds,LEE,FWD,5.0,0.0,0.0,0.1,0,0.0,0.0,0,0,0,0,0,0,0,0,0,0.00,0.00,0.00,0.0,u,0,Has joined West Ham United on loan for the rest of the season,2026-08-19T13:56:14.666726Z,0,469
663,Pivas,Miodrag Pivas,Newcastle,NEW,DEF,4.0,0.0,0.0,0.0,0,0.0,0.0,0,0,0,0,0,0,0,0,0,0.00,0.00,0.00,1.1,a,,,,438,71
442,Pope,Nick Pope,Newcastle,NEW,GKP,4.9,0.0,-0.1,0.9,0,0.0,0.0,0,0,0,0,0,0,0,0,0,0.00,0.00,0.00,0.0,a,,,,961,3423
365,Ramsay,Calvin Ramsay,Liverpool,LIV,DEF,4.0,0.0,0.0,0.1,0,0.0,0.0,0,0,0,0,0,0,0,0,0,0.00,0.00,0.00,0.0,u,0,Has joined St Mirren on loan for the rest of the season,2026-08-26T14:05:26.748768Z,0,532
270,Reed,Harrison Reed,Fulham,FUL,MID,4.4,0.0,-0.1,1.1,0,0.0,0.0,0,0,0,0,0,0,0,0,0,0.00,0.00,0.00,0.0,a,,,,3031,7588
404,Reijnders,Tijjani Reijnders,Man City,MCI,MID,6.0,0.0,0.0,0.0,0,0.0,0.0,0,0,0,0,0,0,0,0,0,0.00,0.00,0.00,0.0,u,0,Has joined Al Qadsiah permanently,2026-08-20T14:02:58.154273Z,0,110
402,Rodrigo,Rodrigo 'Rodri' Hernandez Cascante,Man City,MCI,MID,6.5,0.0,0.0,0.0,0,0.0,0.0,0,0,0,0,0,0,0,0,0,0.00,0.00,0.00,0.0,u,0,Has joined Barcelona permanently,2026-07-23T12:01:23.675537Z,0,28
500,Romero,Cristian Romero,Spurs,TOT,DEF,5.0,0.0,0.0,0.1,0,0.0,0.0,0,0,0,0,0,0,0,0,0,0.00,0.00,0.00,0.0,u,0,Has joined Atletico Madrid permanently,2026-08-17T13:49:05.465401Z,0,318
606,Rowe,Triston Rowe,Aston Villa,AVL,DEF,4.0,0.0,0.0,0.2,0,0.0,0.0,0,0,0,0,0,0,0,0,0,0.00,0.00,0.00,0.0,a,,,,343,967
510,Rowswell,James Rowswell,Spurs,TOT,DEF,4.0,0.0,0.0,0.1,0,0.0,0.0,0,0,0,0,0,0,0,0,0,0.00,0.00,0.00,0.0,a,,,,177,375
587,Rulli,Gerónimo Rulli,Man City,MCI,GKP,5.0,0.0,0.0,0.0,0,0.0,0.0,0,0,0,0,0,0,0,0,0,0.00,0.00,0.00,0.0,a,,,,86,109
664,Salia,Vakhtang Salia,Newcastle,NEW,FWD,4.5,0.0,0.0,0.1,0,0.0,0.0,0,0,0,0,0,0,0,0,0,0.00,0.00,0.00,1.0,a,,,,10854,1855
6,Saliba,William Saliba,Arsenal,ARS,DEF,5.9,0.0,-0.1,0.2,0,0.0,0.0,0,0,0,0,0,0,0,0,0,0.00,0.00,0.00,0.0,i,0,Back injury - Unknown return date,2026-07-23T12:01:23.289376Z,453,1220
653,Samba,Floyd Samba,Man City,MCI,MID,4.5,0.0,0.0,0.0,0,0.0,0.0,0,0,0,0,0,0,0,0,0,0.00,0.00,0.00,0.0,a,,,,271,518
573,Sanchez,Juanlu Sánchez,Bournemouth,BOU,DEF,4.4,0.0,-0.1,0.2,0,0.0,0.0,0,0,0,0,0,0,0,0,0,0.00,0.00,0.00,0.0,a,,,,165,484
475,Savona,Nicolò Savona,Nott'm Forest,NFO,DEF,4.5,0.0,0.0,0.0,0,0.0,0.0,0,0,0,0,0,0,0,0,0,0.00,0.00,0.00,0.0,i,0,Knee injury - Unknown return date,2026-07-23T12:01:23.816304Z,22,23
528,Scarlett,Dane Scarlett,Spurs,TOT,FWD,4.5,0.0,0.0,1.1,0,0.0,0.0,0,0,0,0,0,0,0,0,0,0.00,0.00,0.00,0.0,u,0,Has joined Leyton Orient permanently,2026-09-02T16:02:43.413625Z,0,8791
537,Seelt,Jenson Seelt,Sunderland,SUN,DEF,4.5,0.0,0.0,0.0,0,0.0,0.0,0,0,0,0,0,0,0,0,0,0.00,0.00,0.00,0.0,u,0,Has joined Swansea City on loan for the rest of the season,2026-08-29T00:34:52.425076Z,0,25
609,Shahar,Leo Shahar,Newcastle,NEW,DEF,4.0,0.0,0.0,0.2,0,0.0,0.0,0,0,0,0,0,0,0,0,0,0.00,0.00,0.00,0.0,u,0,has joined Arouca on loan for the rest of the seaon.,2026-09-11T14:41:57.406766Z,0,1970
189,Shepherd,George Shepherd,Coventry City,COV,MID,4.4,0.0,-0.1,0.3,0,0.0,0.0,0,0,0,0,0,0,0,0,0,0.00,0.00,0.00,0.0,a,,,,4446,3099
66,Soler,Julio Soler Barreto,Bournemouth,BOU,DEF,4.0,0.0,0.0,0.3,0,0.0,0.0,0,0,0,0,0,0,0,0,0,0.00,0.00,0.00,0.0,a,100,,2026-08-15T16:30:07.021055Z,811,1252
205,Sosa,Borna Sosa,Crystal Palace,CRY,DEF,4.5,0.0,0.0,0.0,0,0.0,0.0,0,0,0,0,0,0,0,0,0,0.00,0.00,0.00,0.0,u,0,Has joined FC Cologne on loan for the rest of the season,2026-09-02T16:03:25.710518Z,0,121
511,Souza,João Victor de Souza Menezes,Spurs,TOT,DEF,4.0,0.0,0.0,0.2,0,0.0,0.0,0,0,0,0,0,0,0,0,0,0.00,0.00,0.00,0.0,u,0,Has joined FC Porto on loan for the rest of the season,2026-09-01T13:24:26.858636Z,0,980
505,Spence,Djed Spence,Spurs,TOT,DEF,4.5,0.0,0.0,0.2,0,0.0,0.0,0,0,0,0,0,0,0,0,0,0.00,0.00,0.00,0.0,u,0,Has joined Internazionale permanently,2026-08-18T14:13:08.454214Z,0,1314
111,Steele,Jason Steele,Brighton,BHA,GKP,4.0,0.0,0.0,4.1,0,0.0,0.0,0,0,0,0,0,0,0,0,0,0.00,0.00,0.00,0.0,a,,,,8099,16730
319,Szmodics,Sam Szmodics,Ipswich Town,IPS,MID,5.0,0.0,0.0,0.0,0,0.0,0.0,0,0,0,0,0,0,0,0,0,0.00,0.00,0.00,0.0,u,0,Has joined Derby County on loan for the rest of the season,2026-08-17T13:51:41.713979Z,0,15
312,Taylor,Jack Taylor,Ipswich Town,IPS,MID,4.4,-0.1,-0.1,0.0,0,0.0,0.0,0,0,0,0,0,0,0,0,0,0.00,0.00,0.00,0.0,i,0,Knee injury - Unknown return date,2026-07-29T18:00:10.319370Z,404,316
256,Tete,Kenny Tete,Fulham,FUL,DEF,4.4,0.0,-0.1,0.2,0,0.0,0.0,27,0,0,0,0,0,0,-1,3,0.00,0.00,0.65,0.0,a,100,,2026-09-18T12:30:09.546158Z,76,1102
666,Thompson,Kyran Thompson,Newcastle,NEW,MID,4.5,0.0,0.0,0.0,0,0.0,0.0,0,0,0,0,0,0,0,0,0,0.00,0.00,0.00,1.1,a,,,,252,37
227,Travers,Mark Travers,Everton,EVE,GKP,5.0,0.0,0.0,0.0,0,0.0,0.0,0,0,0,0,0,0,0,0,0,0.00,0.00,0.00,0.0,a,,,,274,291
137,Tzimas,Stefanos Tzimas,Brighton,BHA,FWD,5.4,0.0,-0.1,0.0,0,0.0,0.0,0,0,0,0,0,0,0,0,0,0.00,0.00,0.00,0.0,i,0,Knee injury - Unknown return date,2026-07-23T12:01:23.432796Z,42,59
225,Uche,Christantus Uche,Crystal Palace,CRY,FWD,5.0,0.0,0.0,0.0,0,0.0,0.0,0,0,0,0,0,0,0,0,0,0.00,0.00,0.00,0.0,u,0,has returned to Getafe CF,2026-07-23T12:18:56.275922Z,0,0
433,Ugarte,Manuel Ugarte Ribeiro,Man Utd,MUN,MID,5.0,0.0,0.0,0.0,0,0.0,0.0,0,0,0,0,0,0,0,0,0,0.00,0.00,0.00,0.0,i,0,Knee injury - Unknown return date,2026-07-23T12:01:23.706702Z,25,26
83,Valdimarsson,Hákon Rafn Valdimarsson,Brentford,BRE,GKP,4.5,0.0,0.0,0.1,0,0.0,0.0,0,0,0,0,0,0,0,0,0,0.00,0.00,0.00,0.0,a,,,,334,377
554,Van Oevelen,Kayne van Oevelen,Ipswich Town,IPS,GKP,4.5,0.0,0.0,0.0,0,0.0,0.0,0,0,0,0,0,0,0,0,0,0.00,0.00,0.00,0.0,u,0,Has joined Valencia on loan for the rest of the season,2026-08-25T14:04:09.529320Z,0,94
85,Van den Berg,Sepp van den Berg,Brentford,BRE,DEF,4.9,0.0,-0.1,0.1,0,0.0,0.0,0,0,0,0,0,0,0,0,0,0.00,0.00,0.00,0.0,i,0,Groin injury - Unknown return date,2026-08-15T15:30:06.416627Z,49,408
494,Vicario,Guglielmo Vicario,Spurs,TOT,GKP,4.5,0.0,0.0,0.1,0,0.0,0.0,0,0,0,0,0,0,0,0,0,0.00,0.00,0.00,0.0,u,0,Has joined Juventus on loan for the rest of the season,2026-08-19T13:55:33.193962Z,0,777
55,Watkins,Ollie Watkins,Aston Villa,AVL,FWD,7.8,0.0,-0.2,2.5,0,0.0,0.0,0,0,0,0,0,0,0,0,0,0.00,0.00,0.00,0.0,u,0,Has joined Al Hilal permanently,2026-09-01T13:15:16.698799Z,0,14214
133,Watson,Tom Watson,Brighton,BHA,MID,5.0,0.0,0.0,0.0,0,0.0,0.0,0,0,0,0,0,0,0,0,0,0.00,0.00,0.00,0.0,u,0,Has joined Leicester City on loan for the rest of the season,2026-08-03T14:05:44.459483Z,0,6
601,Williams-Barnett,Luca Williams-Barnett,Spurs,TOT,MID,4.5,0.0,0.0,0.1,0,0.0,0.0,0,0,0,0,0,0,0,0,0,0.00,0.00,0.00,0.0,a,,,,182,809
172,Wilson,Ben Wilson,Coventry City,COV,GKP,4.4,0.0,-0.1,0.4,0,0.0,0.0,0,0,0,0,0,0,0,0,0,0.00,0.00,0.00,0.0,a,,,,266,768
352,Woodman,Freddie Woodman,Liverpool,LIV,GKP,4.0,0.0,0.0,1.0,0,0.0,0.0,0,0,0,0,0,0,0,0,0,0.00,0.00,0.00,0.0,a,,,,869,2596
180,Woolfenden,Luke Woolfenden,Coventry City,COV,DEF,3.9,-0.1,-0.1,0.1,0,0.0,0.0,0,0,0,0,0,0,0,0,0,0.00,0.00,0.00,0.0,i,0,Knee injury - Unknown return date,2026-08-27T14:56:28.718566Z,203,599
667,Wright,James Wright,Aston Villa,AVL,GKP,4.0,0.0,0.0,0.1,0,0.0,0.0,0,0,0,0,0,0,0,0,0,0.00,0.00,0.00,1.0,a,,,,8959,1059
193,Wright,Haji Wright,Coventry City,COV,FWD,5.3,-0.1,-0.2,0.1,0,0.0,0.0,0,0,0,0,0,0,0,0,0,0.00,0.00,0.00,0.0,i,0,Thigh injury - Unknown return date,2026-08-14T22:00:07.214508Z,52,621
513,Xavi,Xavi Simons,Spurs,TOT,MID,5.9,0.0,-0.1,0.0,0,0.0,0.0,0,0,0,0,0,0,0,0,0,0.00,0.00,0.00,0.0,i,0,Knee injury - Unknown return date,2026-07-23T12:01:23.864304Z,59,86
489,Yates,Ryan Yates,Nott'm Forest,NFO,MID,4.5,0.0,0.0,1.1,0,0.0,0.0,0,0,0,0,0,0,0,0,0,0.00,0.00,0.00,0.0,a,100,,2026-08-17T20:30:08.195072Z,670,8062
294,Zambrano,Óscar Zambrano,Hull City,HUL,MID,4.5,0.0,0.0,0.1,0,0.0,0.0,0,0,0,0,0,0,0,0,0,0.00,0.00,0.00,0.0,a,100,,2026-08-04T18:30:11.016909Z,161,523
626,Zepa,Macaulay Zepa,Fulham,FUL,MID,4.4,-0.1,-0.1,0.3,0,0.0,0.0,0,0,0,0,0,0,0,0,0,0.00,0.00,0.00,0.0,a,,,,1286,2491
629,Zetterer,Michael Zetterer,Leeds,LEE,GKP,4.0,0.0,0.0,0.7,0,0.0,0.0,0,0,0,0,0,0,0,0,0,0.00,0.00,0.00,0.0,a,,,,3395,2983
636,Ángel,Manuel Ángel Morán Ibáñez,Fulham,FUL,MID,5.0,0.0,0.0,0.0,0,0.0,0.0,0,0,0,0,0,0,0,0,0,0.00,0.00,0.00,0.0,a,,,,36,30
292,Ömür,Abdülkadir Ömür,Hull City,HUL,MID,4.9,0.0,-0.1,0.0,0,0.0,0.0,0,0,0,0,0,0,0,0,0,0.00,0.00,0.00,0.0,a,,,,90,161
612,Methalie,Dayann Méthalie,Sunderland,SUN,DEF,4.5,0.0,0.0,0.0,-1,-0.5,-1.0,90,1,0,0,0,0,0,-8,3,0.03,0.01,2.82,-0.5,a,100,,2026-08-28T13:00:08.950445Z,134,78
